Ulasan;Sentimen
bahan aja warna navy nya beda;Negatif
kasih catat order warna kuning navy baca kirim kuning nya;Negatif
barang kirim sesuai produk kain sisi blkng cm dpn cm foto lampir komplain jual kiri;Negatif
terima barang maaf kmarin kertas aja;Negatif
order kirim nanya akussage adminnya akumberikan solusi say sorry engga ribut resi udah kasi nomer ;Negatif
jual akunghiraukan catat mesan beda warna kirim warna komunikasi kirim keke;Negatif
bhaan tipis banget pakenya rapi;Negatif
pendek lengan akustinya size l;Negatif
barang terima kalo foto anda barang antar rumah tks;Negatif
bahan tipis banget warna white nya putih katun ya sesuai ekspektasi akunurut sesuai foto akumang bahan tulis katun ya kirim;Negatif
bahan adem akusti make ruang ber ac nyerap keringat;Negatif
kirim pake instan tiba esok hari konfirmasi jual barang hr;Negatif
peking sobek peking aman paket proses;Negatif
pesan hitam khaki tambah catat bawah datang hitam lapor akureka bilang akureka proses sesuai order hitam pake ca;Negatif
yg sen kemben kasih kaos;Negatif
cancel tanggap chat coba barang enak pakai nyaman;Negatif
aneh akumesan tube top akunerima t shirt jual akumesan barang lakamu akungapa akungirimnya aneh;Negatif
jual akumberikan deskripsi nya asli beli buang ld nya bener jelas nya;Negatif
kirim kemben salah kirim crop top tanktop coklat gaada kirim croptop bawa ganti tanktop coklat harga kirim;Negatif
ga sesuai gambar tas nya belel kya udah dipake sesuai harga gaes;Negatif
warna beda kek foto tua;Negatif
maaf yaa barang kirim sesuai pesan nyampenya;Negatif
bahan celana bagus beliin si kaka ukur;Positif
ukur badan cm berat badan kilogram;Positif
ukur l berat udah order kali suka banget terimakasii;Positif
ukur berat badan kilogram;Positif
berat badan kilogram badan cm lingkar pinggang ukur m pendek akumang dikit cd model boxer bahan tipis hari oke;Positif
bahan adem bagus banget sesuai foto;Positif
bagus sesuai skripsi ukur sesuai enak adem pakai mksh;Positif
bahan enak adem nyaman;Positif
barang bagus nyaman pakai;Positif
bahan bagus jahit oke adem pakai pasti nyaman santai rumah thank you;Positif
bagus enak pakai nyaman terimakasih;Positif
bahan enak banget nyaman adem keren banget dicobain terima kasih;Positif
pretty desain as always push my confidence love it i like that hana fashion s desain;Positif
istri suka nyaman pakai;Positif
nyaman hari jakarta puanas;Positif
ukur sesuai deskripsi jahit rapih bahan adem lembut;Positif
jual responsif barang ny oke banget;Positif
pesan terima kondisi terima kasih;Positif
kain halus nyaman pakai layan top rekomended;Positif
mantap bahan bagus nyaman banget pakai jahit rapi suka banget terima kasih;Positif
bagus nyaman dipake sumpek bahan bagus ayank seksih;Positif
fittingnya okeee emas cepat makasihhh udah gercep;Positif
ulang beli terimakasih tokopedia jual oom kurir;Positif
kilat nyampenya uy cakkeeepppp banget;Positif
titip istri istri bagus pakai nyaman adem enak pakai rumah harga ok;Positif
bahan nyaman sesuai harga;Positif
ukur jahit rapi nyaman;Positif
mantab sesuai ekspektasi harga ya;Positif
terima kasih produk sesuai deskripsi;Positif
beli ukur bahan nyaman;Positif
sip baik sih udah kali beli mari produk kualitas;Positif
bahan halus responon cpat;Positif
barang bagus sesuai skripsi harga barang bagus sesuai kualitas fungsi normal kirim cepat sesuai jadwal moga awet tunggu jenis barang nya bia;Positif
thank you my package has arrived i just tooke it from the boarding house keeper s hand the shoulders are cotton for relaxing okay size l the packaging is also nea;Positif
sesuai pesan bahan bagus nyaman pakai model bagus jahit rapih ukur;Positif
pesan kak buka model suka moga sesuai ekspektasi size warna;Positif
bahan adem model keren;Positif
terima kasih kak admin ramah care sedia ngasih solusi kmarin salah pikih size pakai cantik model celana;Positif
karet tali sayang bahan tipis banget;Positif
light grey warna light green;Positif
bahan bagus adem nyaman model keren harga jangkau;Positif
beliin pacar atas warna asa liat es mambo jalan jalan;Positif
bahan adem jahit rapi akustipun murah harga murah makasih jual;Positif
ukur bahan enak kulit nyaman banget pakai;Positif
bahan halus enak pakai;Positif
barang bagus istri suka banget ukur emang besar pake l manding beli m utknini;Positif
barang bagus sesuai dngan gambar mksih seler smoga mkin maju tokony mksih;Positif
bahan oke realpic besar ukur xl;Positif
jahit nya rapi bahan halus adem servis jual cepat kurir mantap terimakasih;Positif
wrnanya liaku gitu kamucu;Positif
bahan nyaman lembut oke;Positif
ukur sesuai pesan barang bagus;Positif
barang udah sampe sesuai gambar bahan adem enak pakai thank u tunggu order but ya;Positif
bagus yah barang cepat kirim terima kasih;Positif
bagus rapi all oke banget;Positif
ukur ukur xl badan berat badan bahan alus enak pakai jahit rapi warna sesuai;Positif
ukur ukur xl badan berat badan bahan enak jahit rapi warna sesuai repeat order;Positif
menrt bahan nya bagus;Positif
kulaitas bagus nyaman pakai pendek klo;Positif
sesuai ukur bahan adem strech next beli makasih hanafashion;Positif
ukur badan cm sesuai foto;Positif
berat badan kilogram badan cm uk s kecil hrsnya sen uk m bagus;Positif
seksi ukur s mon maaf foto ya bagus sesuai pesan;Positif
repeat order emang bahan nyaman banget tengkyu selelr;Positif
recommended jual bagus bahan nya;Positif
cepat sampai sayang bawah ketiak sperti sayap kiri kanan;Positif
barang nya dah sp bahan bagus blm coba;Positif
beli puas belanja toko customerized;Positif
bahan bagus langsung repeat order terima kasih yaa;Positif
sesuai pesan kirim cepat;Positif
bagus bahan adem ukur pas;Positif
alhamdulillah anak suka banget;Positif
bahan kamumayan tebel jahit rapi nyaman pakai makasih;Positif
mantap barang sesuai pesan kualitas baik;Positif
bagus bahan tebal akustipun beli warna putih nerawang bahan elastis sayang benang jahit elastis akumakai akulesaat baju hati;Positif
bagus nyaman pakai yaa;Positif
bahan enak crop top;Positif
bahan si adem yaa sembarang crop tank top si intinyaa suka si crop top;Positif
bagus ukur s terlakamu badan kilogram cm;Positif
bahan enakkkk sumpahhh nyangka kualitas worth pricenyaa;Positif
keren bahan adem ukur sesuai;Positif
potong ketek a belah belah;Positif
bahan bagus ragu beli yaaa;Positif
barang oke kirim cepat;Positif
udah x beli bahannnyaa ademm gerah;Positif
tolong suka banget brick red cakep banget warna nyaman banget baju baju gin rumah next tiaku beli thank you;Positif
produk bagus bahan nyaman dingin sayang size kosong order tolong lengkap ya biar order ulang;Positif
nyaman banget pakenya langgan hanafashion selaka kalap kalo belanja w sukses selaka yaa hanafashion sayang;Positif
banget badan surprisingly bahan bagus poll;Positif
bahan bagus banget kirim cepat;Positif
harga dah paliiiiing murah dah kualitas abal abal udah kali kaliii beli selaka baguuuus;Positif
barang sesuai bahan bagus;Positif
makasih paket bahan bagus ukur;Positif
bagus responon cepat cewe suka model bahan;Positif
size l lebar baju sisi ketiak kiri ketiak kanan cm pnjg baju cm muat udah an pakai berat badan kilogram cm;Positif
real gambar baguuus bangeeeett next bli putih makasih gaan;Positif
bahan tipis sesuai harga;Negatif
mantap barang bagus sesuai deskripsi;Positif
les tepi kain kiri kanan keriting keriting ketiak kerenwa abis tau cuttingnya salah bekas barang return;Negatif
ukur cropnya aneh ya paksa modifikasiikasi ulang kain lingkar ketiak besar longgar dada badan kainny;Negatif
kalo dagang jujur ya kk bisa ngadain flashsale harga murah akunarik beli ehhh ujung nya order cuekin kirim nama ;Negatif
jual profesional bertanggungjawab tipu adakan flash sale harga miring pesan kirim barang kirim nomor;Negatif
gakpernah nyesel deh pokok suka banget bahan adem parah;Positif
kirim cepat bahan bgs pakai jg keren size s berat badan;Positif
toko sp m puluh kali beli kirim barang kasih bintang wajar paksa bintang sp m kun wa;Negatif
kualitas okee kain tebel adem ngga nerawang langgan banget pokoke ya hana fashion ngga ragu size crop m celana l badan berat badan kilogram;Positif
bahan jahit rapi tank top berat badan kilogram;Positif
bahan bagus warna hitam kasih nya orange aja bagus;Positif
bahan adem halus akunerawang worth it banget sih;Positif
bagus bahan enak putih nerawang dikit;Positif
bahan tipis adem nerawang bagus suak banget makasii;Positif
beli puas moga rezeki ya biar beli warna bagus koleksi nya hana fashion harga murah;Positif
barang sesuai pesan next order;Positif
bahan adem cocoke u liat perut;Positif
baguss bangett aaaa trs adminnya ramah cepat responon;Positif
bahan bagus warna cmn ekspedisi sicepat nya bilang lambat ekspedisi aja jual;Positif
it s just oke ukur l bra size b berat badan not too tight;Positif
kain terawang katun premium sesuai harga pakai tidur nyaman ld cm lp cm pb cm pl cm badan c;Positif
bahan enak banget tipis gabikin gerah beli item sempet beli warna putih sayang nerawang gituu sesuai harga sih yaa sa;Positif
baguss berat badan pake m terlakamu ketat;Positif
bagus cakep banget nang;Positif
bahan oke berat badan kilogram;Positif
udah langgan beli hana fashion bagus bahan nya adem murah klo diskon nya;Positif
kirim cepat produk sesuai harga bagus baju santai;Positif
rapi jaitannya sesuai harga si beda kalo poto asli nya;Positif
packing rapi kali cepat proses bahan baju adem banget tipis beli warna putih nerawang mantap sih jahit rapi emang cari b;Positif
ukur sesuai deskripsi bahan okee adem harga murah model update;Positif
pacar bahan enak tau coba;Positif
bahan strech banget suka sih tipis kain bagus sih pake wo rumah berat nyoba beli sz s enak dipakenya;Positif
badan cm berat badan kilogram size m;Positif
bahan halus fit badan mantab;Positif
bahan enak badan beli;Positif
ukur dah baju bel kain beda tipis liat akular banget;Positif
terima kasih barang bagus;Positif
bagus kain tipis ngepress badan oke banget;Positif
pesqnan sesuai kamumayan baju rumah pasar cut rapi ya sesuai harga koke;Positif
ukur badan berat badan pakai xl pakai bagus langsing bahan halus;Positif
bahan ringan sukses kurir tokped;Positif
size m nya bnget;Positif
terima kasih kak barang sesuai pesan sukses selaka kak;Positif
bahan nyaman potong terlakamu tipis;Positif
sesuai pesan bagus banget bajux;Positif
sesuai deskripsi jaitannya rapi pakai sesuai bentuk tubuh tks;Positif
suka banget bahan super adem inner terima kasih kak;Positif
sesuai harga kecil sih;Positif
kirim cepat ukur kecil s banget;Positif
sesuai gambar sempit aga longgar;Positif
kaos nya kamumayan dipake bagus jual cepat respononse makasih ya;Positif
kirim cepat kualitas sesuai harga;Positif
bagus banget and nyaman pake;Positif
enakkk bangett dipke olahragaa;Positif
baju kalo rumah aja enak banget sih adem nyaman bahan kalo dipake sih kayak reng ya bahan tipis banyak variasi wa;Positif
next size l soalny m pendek;Positif
barang sen udah samp aman sesuai order suka ukur s m tetep badan;Positif
banget unfinished tetep liat bagus berat badan kilogram badan cm akunding ikutin ld deh gabisa patok berat badantinggi badan sayang tipis banget huhu moga awet;Positif
bagus puas udah warna kalo warna deh eh beli harga;Positif
okee baju nya cantik lilac pass badan klo terlakamu crop pke xxl berat badan badan;Positif
bagus gede salah pilih size l;Positif
respon jual oke ok;Positif
ga sesuai deskripsi bahan nya tipis;Negatif
order kali kaos enak pakai bahan bagus ukur sesuai kurir ramah makasih ya jual moga amanah lancar selaka;Positif
kaos bahan oke barang asli pict ukur sesuai warna cantik;Positif
bagus beli nyangka bangett harga segitu bahan enak banget rumah olahraga;Positif
bahan nya bagus banget lembut harga jangkau responon cepat layan toko bagus makasih gan;Positif
bagus banget bahan jahit rapih thanks;Positif
ukur nya kaya pake ukur m bagus sukaaaa;Positif
kirim cepat barang oke rekomen ed jual;Positif
admin jual responsif barang aman crop t nya sesuai ukur deskripsi kualitas bahan oke koke;Positif
pesan hitam datang putih;Positif
baju suka bangett murah;Positif
product sesuai kualitas kamumayan bgn bwhnya keriting sih msh nyaman pake tks;Positif
sagat murah harga gin bahan nya adem enak olahraga;Positif
lumayan bahanya tipis adem warna item gapapa transparan kalo warna sih gatau ukur l besar berat badan badan bagus harga segi;Positif
bahan tipis but it s okay pakai rumah;Positif
kirim cepat responon jual;Positif
bahan nya bagus banget cuman pkek orang nya angkt tangan baju bnget klo pkek baju pndek bnget iya tau;Positif
beli crop top hadiah pacar pacar suka banget terima kasih;Positif
mantul terima kasih ga;Positif
bagus kaos bahan lembut;Positif
bahan adem elastis nyaman banget dipake santai;Positif
bagus koke jahit rapih;Positif
udah kasih catat kirim hitam ungu kirim ungu dua;Positif
bahan nya tipis adem trs enak dipake hw jeanss;Positif
x nya beli baju toko emang bnr kualitas nya okey banget akungecewakan pkoke nya top banget toko nya;Positif
lucu bangett nyampe nya cepet size sesuai dikirimmnya;Positif
baju bagus jahit samping lesaat bolong tolong kualitas jahit baik;Negatif
bagus bahan kaus halus akular akungikuti badan sesuai;Positif
bahan adem bagus jatuh badan;Positif
barang sesuai kirim lambat;Positif
bahan enak kirim cepat will reorder;Positif
lucuu xixi berat badan kirain kecil pass;Positif
ukur nyaman pakai jahit rapi bahan bagus sip;Positif
sesuai deskripsi bahan nya lembut enak dipake nya warna nya cantik banget kakak jual ramah komunikasi rekomen ed;Positif
jual cepat respononse ukur sesuai deskripsi;Positif
sdh beli kali nya bahan enak size sesuai tolong restock warna habis donk stok nya thank you;Positif
keren enak pakai sip beli;Positif
barang terima aman sesuai thank yoi;Positif
bahan bagus proses kamu cepat;Positif
bagus suka banget celana;Positif
kualitas bahan bagus nyaman pakai warna cantik model celana cantik bahan akunyerap keringat;Positif
bahan adem enak cocoke pakai;Positif
pesan terima emas cepat uk sesuai wrn bgs kirim cepat makasih;Positif
haha gede karet ngga terlakamu ketat longgar mmg rumah oke gapapa;Positif
beli pilih dark mustard s stlh order info etalase ubah tetep stoke duh ganti dusty pink ya akhirn;Positif
barang oke sayang proses kirim jual;Positif
tali fake ya ngga dipake akungencangkan celana tali tempel aja kualitas dapat sesuai harga;Positif
kalopesan beda warna trus dtulis note direspon dkirim warna dtulis deskripsi bahan finishing kamumayan bagus;Positif
pesan terima emas cepat bahan agk tipis nerawang sz ckp jahit lumayan rapi kirim cepat makasih;Positif
cakep model jahit nya rapi kamumayan harga gin ukur berat badan kilogram l ngga karet pinggang aman;Positif
bagus paskualitas bahan bagus nyaman pakai;Positif
belanja x akungecewakan kualitas bahan bagus nyaman pakai ukur sesuai bahan lembut bahan adem akunerawang jahit rapi wa;Positif
ukur sesuai jahit rapi nyaman pakai warna cantik;Positif
kualitas bahan bagus nyaman pakai model celana cantik jahit rapi ukur sesuai warna cantik bahan adem bahan lembut bahan tebel;Positif
nyaman pakai ukur sesuai jahit rapi;Positif
ukur sesuai bahan adem bahan lembut nyaman pakai;Positif
bagus gambar ukur aga besar terima kasih;Positif
jahit rapi kualitas bahan bagus model celana cantik nyaman pakai;Positif
bagus kirim cepat bahan adem enak pakai model kini bahan akunyerap keringat jahit rapi warna cantik;Positif
kualitas bahan bagus nyaman pakai model celana cantik jahit rapi ukur sesuai bahan adem;Positif
kualitas bahan bagus ukur sesuai warna cantik jahit rapi nyaman pakai akunerawang;Positif
aja barang batalin kirim lot kalo ngga kasih tau pakai sameday kirim;Negatif
kurangajar jual chatroom balas bilang responon;Negatif
warna engga sesuai foto bahan nya adem;Positif
iyaa okehlahh engga tau gede banget salah beli product nya bagus bahan kasar halus muluskualitas bahan bagus warna cantik bahan adem bahan akuny;Positif
kualitas bahan bagus nyaman pakai ukur sesuai jahit rapi;Positif
kirim nya super lamaaa;Negatif
nyaman pakai ukur sesuai;Positif
kualitas bahan bagus jahit rapi ukur sesuai warna celana bagus bahan lembut adem nyaman dipake andai warna sedia;Positif
celana nyaman pakai bahan ny jg oke jual ny ramah terima kasih;Positif
sesuai gambar responon jual cepat bagusp;Positif
barang sesuai pesan jahit rapi;Positif
order tanggal tanggal nov moga depan ya;Positif
beli celana pendek kirim kaos pendek huuft untung kaos cakep lebihmurah dikit;Positif
jahit rapi celana longgar nyaman gerak;Positif
barang kirim sesuai pesan;Positif
bagus celana nya thank u;Positif
cocoke ukur bahan licin jahit rapi;Positif
kain tipis kasar warna cerah;Positif
lumayan harga gin anak suka;Positif
sesuai harga bahan tipis model kamumayan;Negatif
cepat kirim barang sesuai harga la;Positif
barang oke bahan standard;Positif
bahan bagus cm proses;Positif
bagus banget ukur warna cantik bahan nya bagus mantap;Positif
siiiiipppppp okeeeeee gooooooodddd terima kasih;Positif
celana nya bagus gais;Positif
bahan licin tipis akunerawang warna nya cerah bagus sesuai harga nya;Positif
order xxl sampe xl alhamdulillah nya muat si sizenya;Positif
bahan bagus ukur cocoke joz;Positif
ukur sesuai beli size l ld badan berat badan ketat sempit besar bahan bagus nyaman;Positif
baju bagus banget adminnya ramah cepat responon lagisg ngeinfoiin kaloada barang kosong kirim jg cepett;Positif
paket terima terimakasih sukses selaka hasil nya akumuaskan;Positif
kain bahan adem enak pakai;Positif
enak si bahanna adem jaitanna rapi dbdn krg jatona;Positif
sayang banget kecil picture liat sesuai badan;Negatif
ukur proses cepat barang cepet sampenya next order;Positif
lumayan harga segitu ya kirim cepat;Positif
model bgs udah bl item beli olive suka banget;Positif
cepet sampenya kaos adem baguspp;Positif
ukur banget kualitas kain bagus;Negatif
keren baju suka kali beli;Positif
mantap banget sih dah langgan bahan nyaman jahit rapi bikin liat slim cs nya super ramah akumbantu;Positif
sumpah bagus pwooooollllllllll bahan kaleng kaleng hana fashion murah murah berat badan kilogram badan cm he;Positif
bahan adem warna cantik model cantik jahit rapi akunerawang ukur sesuai produk sesuai foto puas deh pokok trimakasii yaa;Positif
kenal hana ragu udah akunding order deh thankyouu;Positif
sih ekspektasi not bad koke bahan nyaman kek halus premium gitu untung warna item nerawang bahan tipis;Positif
sedih banget warna khaky nya warna hijau tua sesuai foto;Positif
banget bad akuu maaciii;Positif
barang bagus bahanya bagus adem trimakasih;Positif
cantik banget cocoke banget bad mini;Positif
bagus banget no kerenwa deh pokoke nya;Positif
bagus banget bad jahit rapi;Positif
bahan bagus nerawang akusikipun warna putih suka;Positif
bah lembut bagus bahanya spandex;Positif
beli tebal beli tipis tiga tipis suka baju nya sampe order kali kali tetep suka tolong min belanja aja;Positif
bahan kaku akunyerap keringat akunerawang pakai rapi toko informatif thanks;Positif
puasssss bahan adem nyerep keringat sen xl bad;Positif
baguss size s badan cm berat badan kilogram bahan lembut nerawang reorder makasih jual;Positif
bahan bagus nerawang worth it bangeettt;Positif
size xl kirim nya s pakai dech;Negatif
bagus bahan kain makas jual;Positif
meskiiii bajuu dramaaa kirim puas hasil bajuuu nya akusti murah murahannn bahan tebal adem nerawang;Positif
bagus bahan adem jahit rapihh sesuai harga jangkau kualitas murah;Positif
bahan bagus tebel jahit rapi;Positif
maaf buka kucing btw jahit rapiii bahan ademmm btw berat badan kilogram b ambil l banget worthed beli next order model;Positif
bahan tebel bagus bajget jahit rapih akulebihi ekspektasi sih nyangka datengnya bagus;Positif
pesan nih puas baju kirim lambat gapapa lebaran thank you ya;Positif
product sesuai kualitas rekomendasi;Positif
warna hitam putih hitam bagus bahan tebal stretch putih beda bahan tipis kaku;Negatif
berat badan tangan banget kayak l kecil xl bahan kain akular kain jg oke tebal nrawang ya w;Positif
selaka puas belanja lavvvv;Positif
badan jahit rapi beli dsini murah bagus;Positif
produk bagus sesuai gambar kirim cepat bahan adem bahan akunyerap keringat;Positif
bahan adem produk sesuai foto;Positif
kenapa kasi size s huhuhu size m bahan adem akunerawang bahan akunyerap keringat model cantik;Positif
model cantik ukur sesuai produk sesuai foto;Positif
bahan adem model cantik ukur sesuai;Positif
bahan adem model cantik akunerawang ukur sesuai produk sesuai foto;Positif
bahan adem bahan akunyerap keringat akunerawang warna cantik produk sesuai foto ukur sesuai jahit rapi;Positif
bahan adem model cantik produk sesuai foto ukur sesuai;Positif
bahan adem akunerawang ukur sesuai;Positif
sesuai pesan rekomen ed jual;Positif
bahan adem model cantik jahit rapi warna cantik;Positif
akunerawang model cantik ukur sesuai produk sesuai foto jahit rapi;Positif
bahanya akular kaku panas udah pilih sesuai ukur tera kepake;Positif
bahan adem akunerawang bahan akunyerap keringat model cantik ukur sesuai warna cantik jahit rapi produk sesuai foto;Positif
akunerawang ukur sesuai model cantik jahit rapi produk sesuai foto warna cantik bahan akunyerap keringat;Positif
bahan adem jahit rapi produk sesuai foto;Positif
model cantik produk sesuai foto bahan adem;Positif
berat badan kilogram cm pake ukur m bahan adem bahan akunyerap keringat akunerawang ukur sesuai warna cantik model cantik pro;Positif
suka model xxl berat badan suka pake kaos ketat;Positif
bahan adem akunerawang model cantik ukur sesuai produk sesuai foto warna cantik jahit rapi;Positif
bahan adem akunerawang model cantik jahit rapi bahan akunyerap keringat ukur sesuai produk sesuai foto;Positif
kali order suka bangett bahan adem nyaman pakai model cantik banget langgan makasih;Positif
kualitas tank top bagus kain lembut toko ramah cepat responon recomanded beli pingin varian warna istri semangat senam bl terima kasih kak;Positif
produk bagus worth it harga segitu kirim cepat minus tali xl xxl panjang tanktopnya banget;Positif
bahan tebal jahit rapi proses cepat packing rapi tali buat bahan karet rambut diameter mm enak pakai moga tali nya gampang akular;Positif
bagus cm gt ngaret banget ya;Positif
suka pressed ukur s dalem ganti bra kemben sih mnrt bahan panas semi kaos jahit rapih kaya;Positif
udah beli hana platform online shop bagus bahan sesuai ekspektasi keren pokok tahan ya kualitas udah percaya;Positif
kain bagus ya murah;Positif
ukur sesuai deskripsi nyaman pakai harga nya kantong;Positif
bahan tanktopnya bagus adem rekomen ed beli paket bubbling outernya harga jangkau;Positif
oke barang sesuai pesan;Positif
barang sesuai cmn ukur l banget its ok;Positif
bagus siiihh ngepress banget badan pilih l kali ya minus tali panjang ketiak kanan udah belel gitu kaya dipake;Positif
bahan bagus akunurutku nerawang dalem terang trus tali warna putih bagus;Positif
ngesaat banget badan berat badan maybe next tiaku pesan size l kali ya badan aja gendut syukur kain akular o;Positif
berat badan badan ld pke xl sih cuman sen warna putih kalo braless nrawang ya bahan adem pol bagus dripada varian cherish licin oke;Positif
deres banget mantap kaka;Positif
bagus sih sayang banget sizenya size anak anak strech jg bahan;Positif
barang udah ya kak sesuai pesan asli picture terima kasih kaka;Positif
cepat responon jual kirim cepat barang nya kualitas;Positif
bahan adem akunerawang jahit rapi enak pakai;Positif
bahan adem enak pakai;Positif
layan bgs barang cepat bahan kerenn sukses;Positif
ambil size s kecil badan gw kurus kemarin ambil size m takut gede bahan nya akular pake sakit;Positif
selaka puas belanja toko bahan nya bagus request aja ni ld nya akunding ukur xl aja xxl gede;Positif
bahanya elastis ringan nyerap keringat panas barang sesuai;Positif
coba cuci moga cocoke awet ya kalo bagus langgan koke he;Positif
bagus bahan enak pake gatel tali panjang jahit kirim cepat mantap;Positif
sik proses ya uda yaa cz nyampe lega aja barang bagus;Positif
bralette drpd crop tank oke banget ukur akunding size;Positif
ukur bahan enak nyesel beli;Positif
nyaman kalo adain ukur xs k;Positif
barang habis kirim jual responsif tanggap bencana;Positif
suka berat badan gitu muat bahan nya bagus tebel;Positif
kirim order tanggal kirim tanggal;Positif
puas barang tingkat ya;Positif
barang realpict bahan vagus proses sampe hari;Positif
proses kirim cepat makasih yaa;Positif
kualitas selaka bagus selaka cepat responon thankyouuu;Positif
bahan lembut adem nerawang warna putih ekspetasi tank top akular pake lesaat kamumayan butuh effort t;Positif
parah kaya baju anak tk;Positif
kirim cepat bahan kaos selap gitu jahit rapi engga stretch ygy;Positif
barang nya oke proses masuk kirim;Positif
bahan bagus harga murah kerennnnn;Positif
ukur l badan cm berat badan kilogram kirain besar dikit ngesaat baguss thank u jual;Positif
bahan bagus ukur ld cropnya pendek banget;Positif
bahan bagus banget tebel nerawang nyaman;Positif
size s nya bnr kirain bs muat kaga next order size m;Positif
sayang baju kirim duka beli tanktop salah ukur suka banget tanktopnya;Positif
bahan adem model kini akunerawang bahan akunyerap keringat jahit rapi enak pakai;Positif
warna cantik enak pakai penting resellernya amanah terimakasih order moga maju;Positif
bagus seksi banget istriii enak pakai warna cantik kaya tali tahan moga awet;Positif
model kini bahan adem enak pakai suka banget;Positif
bahan oke jahit rapi tipis ukur hrs lihat spek nya responon jual bgs kirim cepat;Positif
bahan adem enak pakai model kini jahit rapi bahan akunyerap keringat akunerawang warna cantik;Positif
bahan adem model kini jahit rapi bahan akunyerap keringat;Positif
bahan bagus jahit rapi harga oke banget kirim aman;Positif
sesuai deskripsi jahit rapi responon jual oke kirim cepat;Positif
bagus harga muraah kualitas kamumayan jalan;Positif
bagus poko tdak mngecewakan;Positif
bahan sifon tipis panas mahal bahan keq gin harga tera;Negatif
cardigannya bagus banget kirim cepat trimakasih;Positif
bagus bahan jatuh cm depan sih gantung tarik dada;Positif
over all okee jahit rapi udah beli keduaaa kali nyaaa;Positif
beli lagiiii puasss banget;Positif
udah pesan x keren;Positif
ukur l badan sesuai deskripsi bahan halus jahit rapi suka banget;Positif
ukur longgar sih badan berat badan bahan terlakamu tipis jaitan rapi dipakenya nyaman admin responsif bany;Positif
produk oke sesuai deskripsi enak pakai harga jangkau jual cepat respononse barang sesuai pesan jahit rapi kirim cepat packingan rapi;Positif
sesuai harga kualitas oke banget klo perlu akundadak butuh baju sesuai dress code anak hrs pakai baju akurah jahit rapi pokok sesuai;Positif
puas banget bahan bagus warna sesuai jahit rapi ukur jg;Positif
suka banget model simple kesan elegan beli warna;Positif
baju bagus rekomendasi banget;Positif
bahan nya katun tipis warna putih nya;Positif
murah bagus jahit halus proses cepat jual;Positif
ukur bahan sesuai deskripsi tipis akumang kamu delivery jg cepat responon jual oke thank you jual;Positif
bagus jahit super rapi size l ukur;Positif
jual kamuar akumohon batal salah pilih kirim nya ubah saaku day baju pakai esoke;Negatif
badan berat badan kilo kalo type pundak kaga lebar pake ukur m aja ukur l kalo type pundak lebar tebel pake l order;Positif
ukur jahit rapi bahan halus nyaman pakai next order warna terima kasih jual;Positif
size nya akumang pendek jatuh badan klo suka oversize baik ambil nomor bahan nya bagus tks jual courier;Positif
ukur badan berat badan ld pake ukur l ragu m l kaga suka pake baju terlakamu akulihatkan lekuk badan akunding ambil l akus;Positif
keren outer siist assseli;Positif
bahanya enak kak dingin panas jahit rapi poll model simple elegan kini hrga mantulll top markotop dah;Positif
bahan jahit size perfect sesuai style;Positif
barang bagus beli kali produk;Positif
respon kirim cepat bahan lembut jahit rapi model cantik tks;Positif
proses kamuamaaa bahan akuresap keringat sesuai harga;Positif
barang lawas bonorrr batuha manunggu uyuh banar paket;Positif
bagus jahit rapi sesuai pesan terima kasih;Positif
bagus bangett sukaaaaa bahan lembut jahit rapi;Positif
bagus liat akuwah guys;Positif
sebenernya beli ukur m mikir lagi up sizenya l liat terlakamu oversize badan berat badan kilogram kainny enak a;Positif
bahan adem cocoke jalan outfitnya bagus org puas belanja rekomendasi kurir ramah;Positif
bagus suka banget baju;Positif
cardigan bagus jual gercep;Positif
rapi jahit bagus ko rekomended;Positif
outernya bagus akumang cari model simple padu padan baju lengan berat badan an pakai ukur s;Positif
respon kirim cepat barang sesuai nyaman pakai tks;Positif
bahan tipis nyerep keringat model simpel dar aksen tutup bahu okelaaah;Positif
produk sesuai deskripsi thanks;Positif
produk sesuai deskripsi terima kasih;Positif
packing rapih banget responon kirim cepat;Positif
kasih catat warna hitam chat jual warna hitam kirim warna maroom parah engga akunghargai beli;Negatif
warna cantik jahit rapi;Positif
cek out jual ber ulang ulang x confirm barang nya ready stok iya payment besok info barang ready;Negatif
bahan tipis sesuai model sederhana kualitas harga sesuai rekomendasi jual rekomendasi product;Positif
ud cari simple gin nice bahan lembut jahit rapi tebal warna cantik bahan adem;Positif
pesan warna navy white uk xl kasih warna maroon uk s pakai;Negatif
beli akulihat ulas tyt tipis ya bahan rada kasar jg kamumayan sesuai harga;Positif
sesuai ekspektasi harga tawar sizenya badan ku;Positif
cardigannys bagus bahan sifon ukur ngak nyesel mo cari warna ah;Positif
baguus badan berat badan gede dikit kalodipake kaya outer modifikasi pake nya tinggal diiket banget;Positif
harga murah barang bagus;Positif
nyesel beli doang w;Positif
bagus bahan jg enak;Positif
salah pencet udah rubah sip sesuai pesan oke baju;Positif
barang bagus sesuai pesan jahit rapi kirim cepat;Positif
sesuai deskripsi mohon proses cepat;Positif
bahan nya oke nerawang ukur l oke suka;Positif
maaf lambat akumberi ulas bagus terima kasih;Positif
suka banget cardigan nya bagus;Positif
bagus banget bahah nya jga enak pokok keren terimakasih;Positif
bagus banget sumpah bahan adem nyaman bilin gatel pokoke nye enak fi pake;Positif
bagus banget harga murce elegan keren unt aq berat badan badan ukur s pass banget longgar nyaman moga produk pilih bagus pu;Positif
bahan bagus model keren;Positif
barang sampe selamat kirim sesuai estimasi packaging rapi wrn size sesuai request terima kasih ya jual;Positif
bahan adem enak pakai;Positif
halooo kak barang udah sampe cepat sesuai maaf sempet video lagis cuci pakai cardigan nya thank you;Positif
berat badan hamil ukur xxl nyaman banget;Positif
kenapa cuttingnya aneh celana nyaman pakai bahan oke cocoke celana tidur;Positif
karet gampang banget akular;Positif
bahan bagus rapih jahit;Positif
jahit rapi layan toko;Positif
bahan sesuai deskripsi cutting nya perhati ya bagus;Positif
warna bagus pesan lancar sesuai terima kasih jual;Positif
barang bagus bahan halus sesuai foto terima kasih;Positif
ukur sesuai deskripsi jahit bagus bahan nyaman jual ramah kirim cepat mantap;Positif
cocoke akumang celana santai rumah type bahan tipis ringan;Positif
p mbelian bahan adem jahit kamumayan rapi ukur l nyaman pinggang cengkraman karet nyaman beli beli ukur xl besar nam;Positif
pastiin sesuai ukurang pinggang;Positif
bahan adem banget bagus berat badan badan ngetat gitu enak nyaman dipakenya warna bagus soft gt norak next beli kayaknyaa;Positif
aduh celana nyaman banget enteng longgar adem asa pake celana udah beli next tiaku suka banget;Positif
bagus banget bahan model makasih;Positif
bagus bahan cuttingnya jg rapi blm coba ngga bad terima kasih min;Positif
barang bagus warna cakep terlakamu tipis;Positif
bagus banget sesuai deskripsi foto berat badan gede rekomen deh poko;Positif
repurchase kali nungguin restock warna item;Positif
barang packaging rapi aman jual cepat responond kualitas barang kamumayan jahit kamumayan rapi kolor imbang an;Positif
besar sih musti pilih nomor oke celana harga segitu rapih jahit;Positif
bahan adem barang bagus layan kirim kamu tingkat;Positif
udah beli x bagus warna nya bagus;Positif
berat badan pakai l;Positif
nyaman pakai jahit rapi;Positif
kualitas bahan bagus nyaman pakai model celana cantik warna cantik ukur sesuai;Positif
ukur sesuai jahit rapi nyaman pakai akunerawang model celana cantik;Positif
celana bagus salah pilih size ngk dipake gede;Positif
nyaman pakai jahit rapi bahan adem akunerawang;Positif
kualitas bahan bagus jahit rapi nyaman pakai bahan akunyerap keringat;Positif
kualitas bahan bagus ukur sesuai warna cantik model celana cantik nyaman pakai jahit rapi bahan adem akunerawang bahan lembut;Positif
kualitas bahan bagus nyaman pakai bahan adem;Positif
sayang bahan akular pilih ukur sesuai biar nyaman over all mantap;Positif
ukur sesuai model celana cantik nyaman pakai;Positif
kualitas bahan bagus cantik adem nyaman pakai jual kooperatif banget akumbantu warna ungu available ganti pink cantik koke rekomendasi;Positif
nyaman dipake bahan lembut istri;Positif
kualitas bahan bagus nyaman pakai warna cantik model celana cantik;Positif
jahit rapi besar order size l gapapa msh bs pakai tidur;Positif
ukur sesuai kualitas bahan bagus jahit rapi nyaman pakai bahan lembut;Positif
enak dipake rumah bahan adem ina kasih;Positif
ukur sesuai model celana cantik nyaman pakai jahit rapi warna cantik bahan lembut bahan adem akunerawang;Positif
model celana cantik nyaman pakai;Positif
nyaman pakai bahan adem kualitas bahan bagus;Positif
bagus banget bahan ukur nya jga banget nyaman banget pakai rumah;Positif
oke coba versi make karet make tali ya bahan enak nyaman;Positif
bahan adem ukur sesuai;Positif
warna cantik bahan lembut;Positif
bagus kualitas sihh manteppp;Positif
muat saya berat kilogram bahan adem enak santai rumah;Positif
hamil mangkanya ambil size xxl gede banget gapapa biar pake celana longgar biar si dedenya nyaman celana bagus or;Positif
bagus banget sumpahh sayang xl nya gede bagus banget kshsksjsjsknsndjdkksksks hsisndgysjsjsj;Positif
celana bahan nya bagus mantap;Positif
info berat badan disaranin banget beli xl yah sesuai pict gt neng makenya nyaman;Positif
okeeeeee siiiiipppppp gooooooodddd terima kasih;Positif
sukakk nyaman banget dpakenya;Positif
respon cepat barang ok;Positif
salah ukur sen l dateng s;Negatif
mungin lebihbesar longgar bagus ya beli celana size l bagus dia pakai bahan jg oke pinggan longgar sempit bawah akunuju pa;Positif
bahan licin he oke kak bagus kq;Positif
barang bagus beli warna cocoke;Positif
bagus banget suka bahan model karet sakit enak pakai;Positif
l gede banget akuu m suka banget bahan baguss;Positif
barang keren bokin w suka rekomendasi deh;Positif
baguuss baguuss banget akulebihi ekspektasi sih harga murah bagus kualitas lagi udah licin bekas lipat cakeep mantap;Positif
bahan nyaman bagus pakai;Positif
kirim cepat responon jual jahit rapi warna sesuai harap ukur thks jual;Positif
beli sekian pokok bagus;Positif
bagus harga jangkau liat elegan;Positif
udah kali order jahitanya rapi bahan oke ngak maka in jadiin kado temen;Positif
dah beli yah kamupa e poko mh suka terima kasih yah kakaa;Positif
ukur bad bahan enak adem sesuai gambar terima kasih;Positif
bagus dipaduin lingerie tanktop bahan enak;Positif
barang nya bagus jaitan rapi note toleransi ukur cm kali kalo beli ukur barang jual nya ramah koke ma;Positif
bagus sukaa jahit rapi warna bagus ukur badan model keren puas pokok;Positif
sdh kalosaya order warna cakep model rapih;Positif
baguss ukur jg sesuai bahan tipis;Positif
bagus harga murah totally worth to beli koleksi warna berat badan kilogram t cm pake size xl longgar bagi badan kalo angkat tangan lan;Positif
nyesal stlh beli ketemu toko stgh harga lebihmurah;Negatif
cocoke size warna aq terima kasih jual and toped;Positif
sesuai gambar baju bagus terima kasih;Positif
terima kasih outernya keren banget suka model bahan bagus;Positif
beli warna coral item kamutjuk outernya;Positif
baju cakeup dehh suka;Positif
cakep bad pikir akurahnya terang maron jatohnya bagus gapapa deh tetep puas;Positif
outernya bagus banget bahan lembut;Positif
akurahnya maroon butuh akurah cabe btw tks;Positif
sesuai pesan uk cepat responon bagus layan rekomendasi;Positif
ukur l xl kecil next tiaku beli suka ama bahan nya bagus;Positif
bagus ukur jahit rapi;Positif
bahan tebal akustipun nerawang jahit rapih model bagus kini nyaman ukur kali beli akungecewakan;Positif
ukur bahanya bagus nyesel beli harga murah kualitas bagus layan bagus banget;Positif
barang sesuai deskripsi kirim cepat;Positif
ukur jahit rapih jatohnya badan pokok bagus;Positif
x beli baju ol cocoke kali beli baju ol akurasa puas tks;Positif
bahan jahit oke puas bagus deskripsi mmg banget;Positif
size m pnjg baju cm muat pakai berat badan kilogram cm msh sdikit longgar pnasaran jg ntah lebihcocoke size s packing trluar;Positif
sesuai gambar bahan adem model sesuai nyaman jahit rapih kirim cepat top;Positif
suka banget belanja disni ukur nya udah ksekian beli;Positif
ukur bahan bagus kain jatuh cocoke outter harga jangkau;Positif
beli barang barang warna sesuai deskripsi kerenwa;Negatif
produk sesuai deskripsi bahan tipis sesuai jahit rapi mantap packing kirim ok;Positif
bahan jahit baguus tq;Positif
sumpah nyangka harga murah murah barang bagus puas banget toko langgan nih terima kasih ya;Positif
kali beli puas cepet jg kirim enak pake nya terima kasih jual;Positif
bagus banget ambil ukur xl berat badan kilogram sengaja biar liat outer;Positif
nice packaging smoga beli cocok;Positif
cantik jahit kain nya bagus warna cantik jahit rapi bahan adem tebal bahan lembut bahan akunyerap keringat;Positif
warna akurah cabe msh oke;Positif
warna cantik jahit rapi bahan adem;Positif
neng baju sesuai cepet sampe nya;Positif
warna cantik bahan adem tebal;Positif
bahan bagus tipis murah;Positif
model nya baghs cuman cutting nya body gemuk tangan leluasa;Positif
kualitas sesuai harga kirim barang akulebihi estimasi pesan jakarta harap tingkat layan nya ya;Positif
beli varian beige tu bagus banget trus ken white akungecewakan proses warna kain leher badan beda aneh;Positif
bahan oke banget suka banget makasih kak;Positif
warna cantik bahan adem jahit rapi;Positif
harga termasul murah sih kwalitas bagus;Positif
harga murah akuriah kualitas gin worth it banget;Positif
ukur xl produk sesuai gambar deskripsi;Positif
keren outernya bahan jatuh ukur anak masuk remaja;Positif
barang bagus banget salernya jg ramah banget;Positif
outer nya bagus thanks;Positif
bahan lembut warna cantik tebal bahan akunyerap keringat jahit rapi bahan adem;Positif
warna cantik bahan akunyerap keringat jahit rapi tebal;Positif
outer ya kamucu banget sesuai deskripsi kali shopping warna cantik jahit rapi;Positif
warna cantik bahan lembut jahit rapi product toko so far excellent;Positif
baguss bangett nerawang model batwing trs jahit jg rapi sayang bahan panas dipake okee koke;Positif
jual responsif proses kirim kamumayan cepat bungkus robek isi ekspektasi bahan chiffon lembut realita chiffon kasar ya sesuai;Positif
barang bagus kirim cepat coba moga cocok;Positif
bagus akumuaskan jahit rapi foto;Positif
makasih jual bagus bangeutttss deh;Positif
barang sesuai deskripsi kirim cepat;Positif
rekomend jual barang bagus sesuai deskripsi jual komunikatif akumberikan update info;Positif
warna cantik bahan lembut bahan adem;Positif
produk bagus sesuai gambar kirim cepat tks;Positif
barang bagus harga sahabat layan ramah cepat;Positif
tipis nerawang iya sesuai harga;Positif
proses cepat kualitas ok;Positif
barang bagus layan aga nyebelin batalin pesan ganti ukur s m toko untung barang kamumayan akular;Positif
wajib size normal y sesuaiiii;Positif
terimakasih produk sesuai deskripsi;Positif
bagus bangett bahan adem enakk kaya brand mahal akunurut size nya rancu ukur sesuai deskripsi size xl xxl beli l mas;Positif
ukur bahan adem kirim cepat terimakasih;Positif
harga oke sih jahit kuat aja bahan oke beli xxxl gede banget panjang ukur beneran sesuai size chart sih;Positif
barang halus nyaman pakai makasih jual pelayananya cepat;Positif
wk banget ukur bahan tipis yahhh harga gin komplen mayan;Positif
barang sesuai pesan kirim cepat packing aman bahan gambar jahit rapi ukur xxxl longgar berat badan cm nyaman;Positif
bener kain selap jahit rapi dalem harga segitu oke;Positif
ukur sesuai warna abu cream cerah;Positif
barang sampe banget bad suka kemben nya terima kasih kak;Positif
paket blm tes nya;Positif
udah beli sekian kali saking nyaman dipake bahan adem bahan kaos;Positif
puas ukur bahan harga mas jangkau kondisi kain kamuntur barang bagus;Positif
bagus muat berat badan alhamdulillah;Positif
barang oke kirim cepat mantap deh;Positif
size xxl lebar baju dada cm pnjg baju cm besar longgar berat badan kilogram cm packing trluar plastik kiri;Positif
lumayan flash sale bagus;Positif
kwalitas barang bagus sesuai ukur bahan adem nyaman pakai kirim;Positif
barang sesuai pesan kirim bagus bahan nyaman;Positif
barang sesuai pesan kirim oke bahan bagus halus tebel nyaman dipake;Positif
atas lekuk akunyentuh pinggang longgar karet aja aq berat badan;Positif
mantaaaaaap thankyou verymuch sesuai pesan packing aman sukses selaka jual;Positif
sip sesuai pesan mantaab;Positif
bahan alus tebal kain nerawang ketebelan pokok oke;Positif
model bagus bahan nyaman;Positif
bahan stretch oke harga gin;Positif
mantab cepat respononn okeee;Positif
bahan bagus jahit rapi kembennya rapet mudah akulorot cup branya nerawang dipake bagus;Positif
oke harga sgini cakep;Positif
bagus rekomended terima kasih tokopedia and jual moga depan bnyak promo kwalitas product layan;Positif
bahan bagus nyaman pake maaf foto bkn asli langsung cuci;Positif
bahan tipis worth it harga segitu cocoke dalem baju nerawang;Positif
besar he bahan oke;Positif
kali order suka bangett bahan adem nyaman pakai langgan makasih;Positif
bahan tipis lembut adem worth it harga segituu;Positif
kemben pendek warna ungu kirim bagus jg warna soft kembennya kenceng ya atas akulorot akustinya tali ut kait ut tank top jg;Positif
terima dlm kondisi tengkyuu jual and tokped promonya;Positif
nyaman dipake simpel suka trima kasih toped;Positif
bahan adem bangeett model fit badan kirim cepat terima kasih jual;Positif
bahan bagus label dalam terima kasih;Positif
kemben bahan bagus banget lembut adem enak pakai;Positif
kali beli toko barang kirim lengkap sesuai pesan bahan bagus akunerawang akunyerap keringat harga jangkau;Positif
kain halus lentur nyaman pakai;Positif
bagus banget sumpah kirim cepat sameday;Positif
longgar kilogram better ambil size m ato s;Positif
cepet banget pengirimannyaaa suka banget sorry foto gajelas lagisg cuci;Positif
bagus emas aja bagus banget koke sukakk;Positif
foto jual ramah cmn kirim other than that love;Positif
nyampe sesuai akusanan ukur nyah;Negatif
lumayan dalem oke makasih a ya;Positif
barang lengkap proses kembali dana lambat responon;Negatif
baju kaya anak ukur m bener aja;Negatif
lumayan order size m size xs;Negatif
yg ukur lebihkecil tulis;Negatif
proses pesan nya ya order tanggal januari proses kirim tanggal januari sampe tanggal;Negatif
pesan xxl kirim xl;Negatif
banget astaga kaya ukur anak bocah;Negatif
barang tipis kirim banget kemas aja kirim sumatera untk harga ribu kain tipis mahal;Negatif
stock kosong info akhr nya refund proses packing super duper;Negatif
beda cover beda isi;Negatif
deskripsi size s ld ld lb ld barang pakai kain super tipis beli warna putih anda muat pakai;Negatif
warna mintak random warna kirim baju jga trlakamu org dewasa;Negatif
respon kirim cepat kwalitas barang bagus koke sengaja pesan size s m tau size kirim size;Negatif
product nya oke kirim nya super lamaaa;Negatif
bahan kaos oke salah ukur huhu malas nuker pergi j t kali lebihteliti ya;Negatif
barang konfirmasi kirim slow responon refund;Negatif
respon lambat kirim ukur xxl bangeut;Negatif
udah nunggu kirim sampe kecil berat badan badan ngepress banget baju bagus;Negatif
beda label beda isi;Negatif
barang bagus kirim buwanget ter cancel proses order ulang deh tolong tingkat kualitas kirim nya kak;Negatif
udah langgan sayang kali order kirim nya sampe kirim sedih;Negatif
pesan putih light gray knp nya light grey;Negatif
tipis banget jahit kasar ya sesuai harga enak dipake tidur olahraga tipis pakai deh;Negatif
sen kirim kirim harga lebihmurah kirim lamaa banget complain diselesaiin suruh tunggu ya udah rate jelek aja udah warning jg;Negatif
terima kasih masuk jual kendala beli shg beli jg tau akununggu pasti;Negatif
kalo barang kamumayan bagus walopun ambil xxl rada besar ditelp kurir nya paket terima dlm kondisi beranta foto untung cecer hi;Negatif
kirim banget c ncel acc gosend maaf banget kasih bintang spya owner liat baik sistem;Negatif
gatau punya aja emg jahit leher dalem tuh suka kek ngiwir gitu ganggu banget sumpah ended up potong dalem leher;Negatif
kirim h pke gosend kerja;Negatif
barang asli gambar nya;Negatif
tipis banget size l nya sesuai chart deskripsi l size s;Negatif
keciiill banget woi jual jujur;Negatif
beda kaya fotoo asli terlakamu crop banget;Negatif
yg kirim miniset tanktop kerenwa;Negatif
kwkwkwkw ssuai ama foto;Negatif
bahan spandex gerah banget;Negatif
sen tanktop baju sesuai sesuai konfirmasi jual pakai uang s;Negatif
senam barang oke terlakamu miniset ngak sesuai gambar pakai;Negatif
elek kasar jahit bahan ok;Negatif
kwalitas harga segitu oke tipis transparan untung beli warna item jahit rapi;Negatif
barang selamat terima kasih bahan celana nya sesuai ekspektasi pikir bahan bahan katun lembut;Negatif
pesan cuna barang rusak coba konfirmasi tanggap;Negatif
karet pinggang nya terlakamu kencang;Negatif
aja mahal sih hrg segitu;Negatif
