Ulasan,Sentimen
ulas,Negatif
,Negatif
bahan aja warna navy nya beda,Negatif
kasih catat order warna kuning navy baca kirim kuning nya,Negatif
kecil,Negatif
tau layan,Negatif
bahan tipis,Negatif
barang kirim sesuai produk kain sisi blkng cm dpn cm foto lampir komplain jual kiri,Negatif
terima barang maaf kmarin kertas aja,Negatif
order kirim nanya message adminnya solusi say sorry engga ribut resi udah kasi nomer mes,Negatif
order pcs dtg pcs,Negatif
jual hirau catat mesan beda warna kirim warna komunikasi kirim keke,Negatif
bhaan tipis banget pakenya rapi,Negatif
pendek lengan mesti size l,Negatif
barang terima kalo foto anda barang tsb antar kermh tks,Negatif
lumayan,Negatif
bahan tipis banget warna white nya putih katun ya sesuai ekspektasi sesuai foto bahan tulis katun ya kirim,Negatif
kirim nya,Negatif
bahan adem mesti make ruang ber ac nyerap keringat,Negatif
sebut,Negatif
kirim pake instan tiba esok hari pdhl konfirmasi jual barang hr,Negatif
peking sobek peking aman paket proses,Negatif
bahan tipis nerawang,Negatif
barang sesuai harga,Negatif
banget baju,Negatif
salah kirim produk,Negatif
pesan hitam khaki tambah catat bawah datang hitam lapor bilang proses sesuai order hitam pake ca,Negatif
yg sen kemben kasih kaos,Negatif
cancel tanggap chat coba barang enak pakai nyaman,Negatif
aneh mes tube top terima t shirt jual mes barang kirim aneh,Negatif
jual deskripsi nya asli beli buang ld nya bener jelas nya,Negatif
kirim kemben salah kirim crop top tanktop coklat gaada kirim croptop ttp bawa ganti tanktop coklat harga kirim,Negatif
ga sesuai gambar tas nya belel kya udah dipake sesuai harga gaes,Negatif
bagus kak,Negatif
panas pakai,Negatif
warna beda kek foto tua,Negatif
banget padal l,Negatif
maaf yaa barang kirim sesuai pesan nyampenya lamaaa,Negatif
bahan celana bagus beliin si kaka ukur,Positif
kualitas bagus,Positif
ukur pas,Positif
bumil tuju,Positif
ukur,Positif
ukur badan cm berat badan kg,Positif
kain lumayan tipis,Positif
ukur l berat udah order kali suka banget terimakasii,Positif
ukur berat badan kg,Positif
bb kg tb cm lingkar pinggang ukur m pendek dikit cd model boxer bahan tipis hari oke,Positif
bahan adem,Positif
bahan adem bagus banget sesuai foto,Positif
bagus sesuai skripsi ukur sesuai enak adem pakai mksh,Positif
bagus model bahan,Positif
adem bangettt,Positif
mantap terima keren,Positif
cocoke pacar semoggg,Positif
bagus,Positif
bahan enak adem nyaman,Positif
barang bagus nyaman pakai,Positif
bahan bagus jahit oke adem pakai pasti nyaman santai rumah thank you,Positif
bagus cantik,Positif
bagus enak pakai nyaman terimakasih,Positif
bahan enak pakai,Positif
bahan enak banget nyaman adem keceee banget dicobain terima kasih,Positif
bahan adem nyaman,Positif
pretty desain as always push my confidence love it i like that hana fashion s desain,Positif
bahan enak,Positif
istri suka nyaman pakai,Positif
nyaman hari jakarta puanas,Positif
ukur sesuai deskripsi jahit rapih bahan adem lembut,Positif
seller responsif barang ny oke bangettt,Positif
pesan terima kondisi terima kasih,Positif
ukur nyaman pakai,Positif
kain halus nyaman pakai layan top rekomended,Positif
lumayan harga seginimah,Positif
bahan nyaman,Positif
mantap bahan bagus nyaman banget pakai jahit rapi suka banget terima kasih,Positif
bagus nyaman dipake sumpek bahan bagus ayank jd seksih,Positif
fittingnya okeee emas cepat makasihhh udah gercep,Positif
mantap kali,Positif
ulang beli terimakasih tokopedia jual oom kurir,Positif
kilat nyampenya uy cakkeeepppp banget,Positif
bagis,Positif
titip istri istri bagus pakai nyaman adem enak pakai rumah harga ok,Positif
bahan nyaman sesuai harga,Positif
banget nice,Positif
ukur jahit rapi nyaman,Positif
sesuai harap,Positif
mantab sesuai ekspektasi harga ya,Positif
terima kasih produk sesuai deskripsi,Positif
beli ukur bahan nyaman,Positif
sip baik sih udah kali beli mari produk kualitas,Positif
sesuai,Negatif
layan cepatt,Positif
bahan halus respon cpat,Positif
barang bagus sesuai skripsi harga barang bagus sesuai kualitas fungsi normal kirim cepat sesuai jadwal moga awet tunggu jenis barang nya bia,Positif
bahan mantuulll,Positif
sesuai deakripsi,Positif
suka banget poko,Positif
barang bagus,Positif
sukses,Positif
thank you my package has arrived i just tooke it from the boarding house keeper s hand the shoulders are cotton for relaxing okay size l the packaging is also nea,Positif
,Positif
ok,Positif
sesuai pesan bahan bagus nyaman pakai model bagus jahit rapih ukur,Positif
tampil istri jd seksi,Positif
pesan kak buka model suka moga sesuai ekspektasi size warna,Positif
mantap,Positif
barang sesuai deskripsi,Positif
bahan adem model keren,Positif
terima kasih kak admin ramah care sedia ngasih solusi karenaa kmarin salah pikih size pakai cantik model celana,Positif
baguuuuus banget,Positif
kualitas mantab,Positif
mantap,Positif
karet tali sayang bahan tipis banget,Positif
light grey warna spt light green,Positif
bahan bagus adem nyaman model keren harga jangkau,Positif
beliin pacar atas warna asa liat es mambo jalan jalan,Positif
bagus pas,Positif
bahan adem jahit rapi mesti murah harga murah thx seller,Positif
ukur bahan enak kulit nyaman banget pakai,Positif
bahan halus enak pakai,Positif
barang bagus istri suka banget ukur emang besar pake l manding beli m utknini,Positif
barang bagus sesuai dngan gambar mksih seler smoga mkin maju tokony mksih,Positif
bahan oke realpic besar ukur xl,Positif
jahit nya rapi bahan halus adem servis jual cepat kurir mantap terimakasih,Positif
kualitas sesuai harga,Positif
wrnanya lime gitu lucu,Positif
bahan nyaman lembut oke,Positif
josss,Positif
ntaps,Positif
ukur sesuai pesan barang bagus,Positif
barang udah sampe sesuai sm gambar bahan adem enak pakai thank u tunggu order but ya,Positif
bagus yah barang cepat kirim terima kasih,Positif
halus,Positif
bagus rapi all oke banget,Positif
ukur ukur xl tb bb bahan alus enak pakai jahit rapi warna sesuai,Positif
ukur ukur xl tb bb bahan enak jahit rapi warna sesuai repeat order,Positif
menrt bahan nya bagus,Positif
mantap baik kualitas,Positif
p,Negatif
kulaitas bagus nyaman pakai pendek klo,Positif
sesuai ukur bahan adem strech next beli makasih hanafashion,Positif
ukur badan cm sesuai foto,Positif
bagus banget,Positif
bb kg tb cm uk s kecil hrsnya sen uk m bagus,Positif
mantap bagus,Positif
seksi ukur s mon maaf foto ya bagus sesuai pesan,Positif
repeat order emang bahan nyaman banget tengkyu selelr,Positif
recommended jual bagus bahan nya,Positif
cepat sampai sayang bawah ketiak sperti sayap kiri kanan,Positif
barang nya dah sp bahan bagus blm coba,Positif
beli puas belanja toko customerized,Positif
bahan bagus langsung repeat order terima kasih yaa,Positif
sesuai pesan kirim cepat,Positif
bagus bahan adem ukur pas,Positif
alhamdulillah anak suka banget,Positif
alhamdulillah anak suka,Positif
bahan lumayan tebel jahit rapi nyaman pakai makasih,Positif
ukur pas,Positif
mantap barang sesuai pesan kualitas baik,Positif
bagus bahan tebal mesti beli warna putih nerawang bahan elastis sayang benang jahit elastis jd pakai melesaat baju hati jgn,Positif
bagus nyaman pakai yaa,Positif
bagus,Positif
bahan enak crop top,Positif
bagus banget,Positif
zzzzzzz,Positif
oke,Positif
bahan si adem yaa sembarang crop tank top si intinyaa suka si crop top,Positif
bagus ukur s badan kg cm,Positif
bahan enakkkk sumpahhh nyangka kualitas worth pricenyaa,Positif
cakep banget,Positif
keren bhn adem ukur sesuai,Positif
produk ny bagus,Positif
potong ketek a belah belah,Positif
bahan bagus ragu beli yaaa,Positif
barang oke kirim cepat,Positif
udh x beli bahannnyaa ademm gerah,Positif
plis suka banget brick red cakep banget warna nyaman banget baju baju gin rumah next time beli thank you,Positif
produk bagus bahan nyaman dingin sayang size kosong order tolong lengkap ya biar order ulang,Positif
nyaman banget pakenya langgan hanafashion kalap kalo belanja wkwkw sukses yaa hanafashion sayang,Positif
banget badan surprisingly bahan bagus poll,Positif
bahan bagus bangetttttttt kirim cepat,Positif
enak bahan lumayan,Positif
harga dah paliiiiing murah dah kualitas abal abal udah kali kaliii beli baguuuus,Positif
barang sesuai bahan bagus,Positif
makasih paket bahan bagus ukur,Positif
hebat,Positif
bagus respon cepat cewe suka model bahan hehe,Positif
size l lebar baju sisi ketiak kiri ketiak kanan cm pnjg baju cm muat udah an pakai berat badan kg cm,Positif
real pic baguuus bangeeeett next bli putih makasih gaan,Positif
nyaman pakai,Positif
model ukur kecewa,Positif
bahan adem puool,Positif
bahan tipis sesuai harga,Negatif
mantap barang bagus sesuai deskripsi,Positif
les tepi kain kiri kanan keriting keriting ketiak kecewa abis tau cuttingnya salah bekas barang return,Negatif
ukur cropnya aneh ya paksa modifikasi ulang kain lingkar ketiak besar longgar dada badan kainny,Negatif
kalo dagang jujur ya kk bisa ngadain flashsale harga murah tarik beli ehhh ujung nya order cuekin kirim nama p,Negatif
jual profesional bertanggungjawab tipu adakan flash sale harga miring pesan kirim barang kirim nomor,Negatif
pas,Positif
mantap,Positif
pendek spt gambar,Negatif
gakpernah nyesel deh pokok suka banget bahan adem parah,Positif
kirim cepat bahan bgs pakai jg keren size s bb,Positif
toko sp m puluh kali beli kirim barang kasih bintang wajar maksa bintang sp m kun wa ub,Negatif
kain tipiss,Positif
kualitas okee kain tebel adem ngga nerawang langgan banget pokoke ya hana fashion ngga usa ragu size crop m celana l tb bb kg,Positif
bahan jahit rapi tank top bb kg,Positif
bagus sesuai harap,Positif
bahan bagus warna hitam kasih nya orange aja bagus,Positif
bahan adem halus terawang worth it banget sih,Positif
bagus bahan enak putih nerawang dikit,Positif
bahan tipis jd adem nerawang bagus suak banget makasii,Positif
beli hehe puas moga rezeki ya biar beli warna bagus koleksi nya hana fashion harga murah,Positif
barang sesuai pesan next order,Positif
bahan adem cocoke u liat perut,Positif
baguss bangett aaaa trs adminnya ramah cepat respon,Positif
banget badan xs,Positif
q suka banget,Positif
bahan bagus warna cmn ekspedisi sicepat nya bilang lambat jd ekspedisi aja jual,Positif
it s just oke ukur l bra size b bb not too tight,Positif
coba aja kesel,Negatif
kain terawang katun premium sesuai harga pakai tidur nyaman ld cm lp cm pb cm pl cm tb c,Positif
bahan enak banget tipis gabikin gerah beli item sempet beli warna putih sayang nerawang gituu sesuai sm harga sih yaa sa,Positif
baguss bb pake m ketat,Positif
dapet harga,Positif
bagus cakep banget nang,Positif
bahan oke bb kg,Positif
duh bagusnyaa,Positif
udah langgan beli hana fashion bagus bahan nya adem murah klo banyakin disc nya,Positif
ga bagus gombal,Negatif
kirim cepat produk sesuai harga bagus baju santai,Positif
rapi jaitannya sesuai harga si beda kalo poto asli nya,Positif
sesuai harga,Positif
packing rapi kali cepat proses bahan baju adem banget tipis pdhl beli warna putih nerawang mantap sih jahit rapi emang cari b,Positif
sesuai harga,Positif
ukur sesuai deskripsi bahan okee adem harga murah model update,Positif
pacar bahan enak tau nyobain,Positif
bahan strech banget suka sih tipis kain bagus sih pake wo rumah berat nyoba beli sz s enak dipakenya,Positif
tb cm bb kg size m,Positif
bahan halus fit badan mantab,Positif
bahan enak badan beli,Positif
oke,Positif
ukur dah baju bel kain beda tipis liat melar banget,Positif
barang terima,Positif
terima kasih barang bagus,Positif
bagus kain tipis ngepress badan oke banget,Positif
pesqnan sesuai lumayan baju rumah pasar cut rapi ya sesuai harga koke,Positif
ukur tb bb pakai xl pakai bagus langsing bahan halus,Positif
pass,Positif
bahan ringan sukses kurir tokped,Positif
size m nya bnget,Positif
respond jual ok,Positif
terima kasih kak barang sesuai pesan sukses kak,Positif
bahan nyaman potong tipis,Positif
sesuai pesan bagus banget bajux,Positif
sesuai deskripsi jaitannya rapi pakai sesuai bentuk tubuh tks,Positif
suka banget bahan super adem inner terima kasih kak,Positif
sesuai harga kecil sih,Positif
kirim cepat ukur kecil s banget,Positif
sesuai sm gmbr sempit aga longgar,Positif
lembut bahan,Positif
kaos nya lumayan dipake bagus jual cepat response makasih ya,Positif
sesuai,Positif
ga kecewa beli,Positif
kirim cepat kualitas sesuai harga,Positif
bagus banget and nyaman pake,Positif
enakkk bangetttt dipke olahragaa,Positif
bagusss,Positif
putiny biru,Positif
baju kalo rumah aja enak banget sih adem nyaman bahan kalo dipake sih kayak reng ya bahan tipis banyak variasi wa,Positif
barang bagus sesuai,Positif
next size l soalny m pendek,Positif
barang sen udah samp aman sesuai order suka ukur s m tetep badan,Positif
kereeen,Positif
banget unfinished tetep liat bagus bb kg tb cm mending ikutin ld deh gabisa patok bbtb sayang tipis banget huhu moga awet,Positif
bagus,Positif
bagus puas udah pny warna kalo warna deh eh beli skrg harga hehe,Positif
okee baju nya cantik lilac pass badan klo crop pke xxl bb tb,Positif
bagus gede salah pilih size l,Positif
respon jual oke ok,Positif
ga sesuai deskripsi bahan nya tipis,Negatif
order kali kaos enak pakai bahan bagus ukur sesuai kurir ramah makasih ya jual moga amanah lancar,Positif
adem bahan,Positif
kaos bahan oke barang asli pict ukur sesuai warna cantik,Positif
bagus jd beli nyangka bangett harga segitu bahan enak banget rumah olahraga,Positif
barang sesuai pic,Positif
ukur l nya,Positif
bahan nya bagus banget lembut harga jangkau respon cepat layan toko bagus makasih gan,Positif
bagus banget bahan jahit rapih thanks,Positif
ukur nya kaya pake ukur m wkwk bagus sukaaaa,Positif
kirim cepat barang oke rekomen ed seller,Positif
admin jual responsif barang aman crop t nya sesuai ukur deskripsi kualitas bahan oke koke,Positif
pesan hitam datang putih,Positif
bagus sesuai harap,Positif
baju suka bangett murah,Positif
bagus pas,Positif
product sesuai kualitas lumayan bgn bwhnya keriting sih msh nyaman pake tks,Positif
maaci not bad,Positif
sagat murah harga gin bahan nya adem enak olahraga,Positif
lumayan bahanya tipis adem warna item gapapa transparan kalo warna sih gatau ukur l besar bb tb bagus harga segi,Positif
bahan tipis but it s okay pakai rumah,Positif
trendy style keren,Positif
kirim cepat respon jual,Positif
bahan nya bagus banget cuman yng pkek orang nya angkt tangan baju bnget klo pkek baju pndek bnget iya tau,Positif
beli crop top hadiah pacar pacar suka banget terima kasih,Positif
mantul terima kasih ga,Positif
bagus kaos bahan lembut,Positif
bahan adem elastis nyaman banget dipake santai,Positif
bagus koke jahit rapih,Positif
udah kasih catat kirim hitam ungu kirim ungu dua,Positif
bahan nya tipis adem trs enak dipake hw jeanss,Positif
bagus lembut adem,Positif
x nya beli baju toko emang bnr kualitas nya okey banget kecewa pkoke nya top banget toko nya,Positif
lucu bangett nyampe nya cepet size sesuai dikirimmnya,Positif
,Positif
pdhl baju bagus jahit samping lesaat jd bolong tolong kualitas jahit baik,Negatif
bagus bahan kaus halus melar ikut badan sesuai,Positif
bahan adem bagus jatuh badan,Positif
keren,Positif
barang sesuai kirim lambat,Positif
bahan enak kirim cepat will reorder,Positif
lucuu xixi bb kirain kecil pass,Positif
ukur nyaman pakai jahit rapi bahan bagus sip,Positif
sesuai deskripsi bahan nya lembut jd enak dipake nya warna nya cantik banget kakak jual ramah komunikasi rekomen ed,Positif
seller cepat response ukur sesuai deskripsi,Positif
sesuai bagus,Positif
,Positif
pesan terima mksh,Positif
sdh beli kali nya bahan enak size sesuai tolong restock warna habis donk banyakin stok nya thank you,Positif
keren enak pakai sip beli,Positif
lumayan,Positif
barang terima aman sesuai thank yoi,Positif
,Positif
bahan bagus proses cepat,Positif
istri senang,Positif
mantap order,Positif
bagus suka banget sm celana,Positif
kualitas bahan bagus nyaman pakai warna cantik model celana cantik bahan serap keringat,Positif
bahan adem enak cocoke pakai,Positif
sesuai ekspektasi,Positif
pesan terima emas cepat uk sesuai wrn bgs kirim cepat makasih,Positif
haha gede karet ngga ketat longgar mmg rumah oke gpp,Positif
,Positif
bahan bagus,Positif
packing rapih joss,Positif
beli pilih dark mustard s sblmnya stlh order info etalase ubah tetep stoke duh ganti dusty pink ya akhirn,Positif
barang oke sayang proses kirim jual,Positif
tali fake ya ngga dipake encang celana tali tempel aja kualitas dapat sesuai harga,Positif
kalopesan beda warna trus dtulis note direspon dkirim warna dtulis deskripsi bahan finishing lumayan bagus,Positif
bagusppp,Positif
baguspp,Positif
bagus model order,Positif
pesan terima emas cepat bhn agk tipis nerawang sz ckp jahit lmyn rapi kirim cepat makasih,Positif
cakep model jahit nya rapi lumayan harga gin ukur bb kg l ngga karet pinggang aman,Positif
bagus paskualitas bahan bagus nyaman pakai,Positif
belanja x kecewa kualitas bahan bagus nyaman pakai ukur sesuai bahan lembut bahan adem terawang jahit rapi wa,Positif
ukur sesuai jahit rapi nyaman pakai warna cantik,Positif
kualitas bahan bagus nyaman pakai model celana cantik jahit rapi ukur sesuai warna cantik bahan adem bahan lembut bahan tebel,Positif
nyaman pakai ukur sesuai jahit rapi,Positif
ukur sesuai bahan adem bahan lembut nyaman pakai,Positif
bagus gambar ukur aga besar terima kasih,Positif
jahit rapi kualitas bahan bagus model celana cantik nyaman pakai,Positif
kualitas bahan bagus,Positif
bagus kirim cepat bahan adem enak pakai model kini bahan serap keringat jahit rapi warna cantik,Positif
kualitas bahan bagus,Positif
kualitas bahan bagus nyaman pakai model celana cantik jahit rapi ukur sesuai bahan adem,Positif
kualitas bahan bagus ukur sesuai warna cantik jahit rapi nyaman pakai terawang,Positif
aja barang batalin kirim lot kalo ngga kasih tau pakai sameday kirim,Negatif
kurangajar jual chatroom balas bilang respon,Negatif
warna engga sesuai foto bahan nya adem,Positif
iyaa okehlahh engga tau gede banget salah beli product nya bagus bahan kasar halus muluskualitas bahan bagus warna cantik bahan adem bahan meny,Positif
kualitas bahan bagus nyaman pakai ukur sesuai jahit rapi,Positif
warna cantik,Positif
kirim nya super lamaaaaa,Negatif
nyaman pakai ukur sesuai,Positif
model celana cantik,Positif
kualitas bahan bagus jahit rapi ukur sesuai warna celana bagus bahan lembut adem nyaman dipake andai warna sedia,Positif
kualitas harga sesuai,Positif
bagus terimakasih,Positif
celana nyaman pakai bahan ny jg oke jual ny ramah terima kasih,Positif
sesuai gambar respon jual cepat bagusp,Positif
barang sesuai pesan jahit rapi,Positif
order tanggal tanggal nov moga depan ya,Positif
,Positif
beli celana pendek kirim kaos pendek huuft untung kaos cakep lebihmurah dikit,Positif
jahit rapi celana longgar jd nyaman gerak,Positif
barang kirim sesuai pesan,Positif
bahan bagus,Negatif
bagus celana nya thank u,Positif
cocoke ukur bahan licin jahit rapi,Positif
sesuai gambar,Positif
kain tipis kasar warna cerah,Positif
lumayan harga gin anak suka,Positif
sesuai harga bahan tipis model lumayan thx,Negatif
cepat kirim barang sesuai harga la,Positif
bagus,Positif
bagus celana bagus,Positif
lumayan aja,Positif
barang oke bahan standard,Positif
bagus kirim cepat,Positif
bahan,Negatif
bahan bagus cm proses,Positif
lucu banget suka,Positif
bagus banget ukur warna cantik bahan nya bagus mantap,Positif
terawang kasar,Negatif
okeeeeee gooooooodddd siiiiipppppp,Positif
siiiiipppppp okeeeeee gooooooodddd terima kasih,Positif
siiiiipppppp okeeeeee thankyou,Positif
mending,Positif
celana nya bagus gais,Positif
bahan licin tipis terawang warna nya cerah bagus sesuai harga nya,Positif
order xxl sampe xl alhamdulillah nya muat si trnyta sizenya thx,Positif
cakepp bingitt kakak,Positif
bahan bagus ukur cocoke joz,Positif
bjnya bgs pas,Positif
ukur sesuai beli size l ld tb bb ketat sempit besar bahan bagus nyaman,Positif
bagus sesuai expectasi,Positif
baju bagus banget adminnya ramah cepat resp lagisg ngeinfoiin kaloada barang kosong kirim jg cepett,Positif
paket terima terimakasih sukses hasil nya muas,Positif
kain bahan adem enak pakai,Positif
enak si bhnna adem jaitanna rapi dbdn kyk krg jatona,Positif
bagus sesuai,Positif
sayang banget kecil pdhl picture liat sesuai badan,Negatif
ukur proses cepat barang cepet sampenya next order,Positif
sesuai terimakasih,Positif
oke banget,Positif
lumayan harga segitu ya kirim cepat,Positif
model bgs udah bl item beli olive suka banget,Positif
cepet sampenya kaos adem baguspp,Positif
ukur banget kualitas kain bagus,Negatif
keren baju suka kali beli,Positif
mantap banget sih dah langgan bahan nyaman jahit rapi bikin liat slim cs nya super ramah bantu,Positif
sumpah bagus pwooooollllllllll bahan kaleng kaleng hana fashion murah murah bb kg tb cm hehehe,Positif
keren bahan ok,Positif
,Positif
bahan adem warna cantik model cantik jahit rapi terawang ukur sesuai produk sesuai foto puas deh pokok trimakasii yaa,Positif
kenal hana ragu udah mending order deh thankyouu,Positif
sih ekspektasi wkwk not bad koke bahan nyaman kek halus premium gitu untung warna item jd nerawang bahan tipis,Positif
barang nya bagus,Positif
sedih banget warna khaky nya warna hijau tua sesuai foto,Positif
bagus tebal,Positif
banget bad akuu maaciii,Positif
naisss,Positif
bagus banget,Positif
cocokkkkkkkk trimakasi,Positif
lumayan tipis,Positif
barang bagus bahanya bagus adem trimakasih,Positif
cantik banget cocoke banget bad mini,Positif
bahan bagus,Positif
bagus banget no kecewa deh pokoke nya,Positif
bagus banget bad jahit rapi,Positif
bahan bagus nerawang mesikipun warna putih suka,Positif
bah lembut bagus bahanya spandex,Positif
beli tebal beli tipis tiga tipis suka baju nya sampe order kali kali tetep suka tolong min belanja aja,Positif
bahan kaku serap keringat terawang pakai rapi toko informatif thanks,Positif
bad bentuk luwes,Positif
puasssss bahan adem nyerep keringat sen xl bad,Positif
baguss size s tb cm bb kg bahan lembut nerawang reorder thx seller,Positif
bahan bagus nerawang worth it bangeettt,Positif
puas emas,Positif
size xl kirim nya s jd pakai dech,Negatif
bagus bahan kain makas seller,Positif
meskiiii bajuu bnykkk dramaaa kirim puas hasil bajuuu nya mesti murah murahannn bahan teball adem nerawang,Positif
bagus banget harga,Positif
kecewa next order,Positif
bagus bahan adem jahit rapihh sesuai harga jangkau kualitas murah,Positif
suka banget,Positif
bahan bagus tebel jahit rapi,Positif
maaf bulu kucing btw jahit rapiii bahan ademmm btw bb kg b ambil l banget worthed beli next order model,Positif
okeoke,Positif
bahan tebel bagus bajget jahit rapih lebih ekspektasi sih nyangka datengnya bagus,Positif
pesan nih puas baju kirim lambat gpp lebaran thank you ya,Positif
product sesuai kualitas rekomendasi,Positif
noda kaos huhu,Positif
cangtip banget bajunay,Positif
warna hitam putih hitam bagus bahan tebal stretch putih beda bahan tipis kaku,Negatif
bb tangan banget kayak l kecil xl bahan kain melar kain jg oke tebal nrawang ya w,Positif
puas belanja lavvvv,Positif
badan jahit rapi beli dsini murah bagus,Positif
produk bagus sesuai gambar kirim cepat bahan adem bahan serap keringat,Positif
bahan adem produk sesuai foto,Positif
bahan lembut badan,Positif
bahan adem terawang,Positif
kenapa kasi size s huhuhu size m bahan adem terawang bahan serap keringat model cantik,Positif
model cantik ukur sesuai produk sesuai foto,Positif
bahan adem model cantik ukur sesuai,Positif
bahan adem model cantik terawang ukur sesuai produk sesuai foto,Positif
bahan adem bahan serap keringat terawang warna cantik produk sesuai foto ukur sesuai jahit rapi,Positif
bahan adem model cantik produk sesuai foto ukur sesuai,Positif
bahan adem terawang ukur sesuai,Positif
sesuai pesan rekomen ed jual,Positif
bahan adem model cantik jahit rapi warna cantik,Positif
terawang model cantik ukur sesuai produk sesuai foto jahit rapi,Positif
bahanya melar kaku panas udah pilih sesuai ukur tera jd kepake,Positif
bahan adem terawang bahan serap keringat model cantik ukur sesuai warna cantik jahit rapi produk sesuai foto,Positif
terawang ukur sesuai model cantik jahit rapi produk sesuai foto warna cantik bahan serap keringat,Positif
bahan adem jahit rapi produk sesuai foto,Positif
lumayan moga muat,Positif
model cantik produk sesuai foto bahan adem,Positif
bb kg cm pake ukur m bahan adem bahan serap keringat terawang ukur sesuai warna cantik model cantik pro,Positif
suka model xxl bb suka pake kaos ketat,Positif
bahan adem,Positif
barang sesuai deskripsi,Positif
model cantik,Positif
bahan adem terawang model cantik ukur sesuai produk sesuai foto warna cantik jahit rapi,Positif
produk sesuai foto,Positif
bahan adem terawang model cantik jahit rapi bahan serap keringat ukur sesuai produk sesuai foto,Positif
kali order suka bangett bahan adem nyaman pakai model cantik banget langgan hehe thx,Positif
kualitas tank top bagus kain lembut toko ramah cepat respon recomanded beli pingin varian warna istri semangat senam bl terima kasih kak,Positif
produk bagus worth it harga segitu kirim cepat minus tali xl xxl panjang tanktopnya banget,Positif
bahan tebal jahit rapi proses cepat packing rapi tali buat bahan karet rambut diameter mm enak pakai moga tali nya gampang melar,Positif
bagus cm gt ngaret bngt ya,Positif
suka pressed ukur s dalem ganti bra kemben sih mnrt bahan panas semi kaos jahit rapih kaya,Positif
ukur barang ok,Positif
udah beli hana platform online shop bagus bahan sesuai ekspektasi keren pokok tahan ya kualitas udah percaya,Positif
kain bagus ya murah,Positif
ta,Positif
ukur sesuai deskripsi nyaman pakai harga nya kantong,Positif
bahan tanktopnya bagus adem rekomen ed beli paket bubbling outernya harga jangkau,Positif
oke barang sesuai pesan,Positif
barang sesuai cmn ukur l banget its ok,Positif
bagus siiihh ngepress banget badan pilih l kali ya minus tali panjang ketiak kanan udah belel gitu kaya dipake,Positif
bahan bagus turut nerawang dalem terang trus tali warna putih bagus,Positif
ngesaat banget badan bb maybe next time pesan size l kali ya badan aja gendut syukur kain melar o,Positif
bagus bahan tebell,Positif
bb tb ld pke xl sih cuman sen warna putih kalo braless nrawang ya bahan adem pol bagus dripada varian cherish karenaa licin oke,Positif
deres banget mantap kaka,Positif
mantaaaaaaaaaaaaaaaaaaaaaaaaaaaaaaaaaaaaaaaaaaaaaaaaaaaaaaaaaaaap,Positif
bagus sih sayang banget sizenya spt size anak anak strech jg bahan,Positif
bagus adem,Positif
trmks,Positif
bahan panas,Negatif
barang udah smpe ya kak sesuai pesan asli picture terima kasih kaka,Positif
cepat respon jual kirim cepat barang nya kualitas,Positif
bagus badan,Positif
dichat naikin rating ngeganggu,Positif
bahan adem terawang jahit rapi enak pakai,Positif
bet pdhl xl,Positif
request jual,Positif
bahan adem enak pakai,Positif
layan bgs barang cepat bahan kerenn sukses,Positif
recommended pokok,Positif
mintiib,Positif
ambil size s kecil pdhl badan gw kurus kemarin ambil size m takut gede bahan nya melar pake sakit,Positif
produk sesuai,Positif
puas belanja toko bahan nya bagus request aja ni ld nya mending ukur xl aja xxl gede,Positif
bahanya elastis ringan nyerap keringat panas barang sesuai,Positif
coba cuci moga cocoke awet ya kalo bagus langgan koke hehehe,Positif
bagus bahan enak pake gatel tali panjang jahit kirim cepat mantap,Positif
sik proses ya uda yaa cz nyampe lega aja barang bagus,Positif
bralette drpd crop tank oke banget ukur mending size naikin,Positif
barang ok,Positif
terimakasih,Positif
ukur bahan enak nyesel beli,Positif
nyaman kalo adain ukur xs k,Positif
barang habis kirim jual responsif tanggap bencana,Positif
suka bb gitu muat bahan nya bagus tebel,Positif
kirim order tanggal kirim tanggal,Positif
cakep jahit rapi,Positif
puas barang tingkat ya,Positif
barang realpict bahan vagus proses sampe hari,Positif
proses kirim cepat makasih yaa,Positif
kualitas bagus cepat respon thankyouuu,Positif
bahan lembut adem nerawang warna putih ekspetasi tank top melar jd pake lesaat lumayan butuh effort t,Positif
parah kaya baju anak tk,Positif
kirim cepat bahan kaos selap gitu jahit rapi engga stretch ygy,Positif
bagus,Positif
baguuus,Positif
barang nya oke proses masuk kirim,Positif
bahan bagus harga murah kerennnnn,Positif
bahan bagus nyaman,Positif
oke mantap,Positif
ukur l tb cm bb kg kirain besar dikit ngesaat wkwk baguss thank u seller,Positif
bahan bagus ukur ld cropnya pendek banget,Positif
bahan bagus banget tebel nerawang nyaman,Positif
warna olivenya bagus,Positif
beli ukur pakai,Positif
size s nya bnr kirain bs muat kaga next order size m,Positif
bagus,Positif
model kini,Positif
sayang baju kirim beli tanktop salah ukur suka banget tanktopnya,Positif
bahan adem model kini terawang bahan serap keringat jahit rapi enak pakai,Positif
warna cantik enak pakai penting resellernya amanah terimakasih order moga maju,Positif
bagus seksi banget istriii enak pakai warna cantik kaya tali tahan moga awet,Positif
model kini bahan adem enak pakai suka banget,Positif
bhn oke jahit rapi tipis ukur jd hrs lihat spek nya respon jual bgs kirim cepat,Positif
thx,Positif
bahan adem enak pakai model kini jahit rapi bahan serap keringat terawang warna cantik,Positif
bahan adem model kini jahit rapi bahan serap keringat,Positif
bahan adem,Positif
bahan bagus jahit rapi harga oke banget kirim aman,Positif
sesuai deskripsi jahit rapi respon jual oke kirim cepat,Positif
bagus harga muraah kualitas lumayan jalan,Positif
bagus poko tdak mngecewakan,Positif
bahan halus cantik,Positif
ukur bagus bahan,Positif
bahan sifon tipis panas mahal bahan keq gin harga tera,Negatif
sesuai foto,Positif
cardigannya bagus banget kirim cepat trimakasih,Positif
bagus bahan jatuh cm depan sih gantung tarik dada,Positif
over all okee jahit rapi udah beli keduaaa kali nyaaa,Positif
beli lagiiii puasss banget,Positif
udah pesan x keren,Positif
ukur l badan sesuai deskripsi bahan halus jahit rapi suka banget,Positif
ukur longgar sih tb bb bahan tipis jaitan rapi dipakenya nyaman admin responsif bany,Positif
produk oke sesuai deskripsi enak pakai harga jangkau jual cepat response barang sesuai pesan jahit rapi kirim cepat packingan rapi,Positif
sesuai harga kualitas oke banget klo perlu dadak butuh baju sesuai dress code anak hrs pakai baju merah jahit rapi pokok sesuai,Positif
puas banget bahan bagus warna sesuai jahit rapi ukur jg,Positif
suka banget model simple kesan elegan beli warna,Positif
baju bagus rekomendasi banget,Positif
ukur nyaman pakai,Positif
bahan nya katun tipis warna putih nya,Positif
lmyan,Positif
murah bagus jahit halus proses cepat jual,Positif
ukur bahan sesuai deskripsi tipis delivery jg cepat respon jual oke thank you seller,Positif
bagus jahit super rapi size l ukur,Positif
seller mohon batal salah pilih kirim nya ubah same day baju pakai esoke,Negatif
tb bb kilo kalo type pundak kaga lebar pake ukur m aja ukur l kalo type pundak lebar tebel pake l order,Positif
ukur jahit rapi bahan halus nyaman pakai next order warna terima kasih seller,Positif
size nya pendek jatuh badan klo suka oversize baik ambil nomor bahan nya bagus tks jual courier,Positif
ukur tb bb ld pake ukur l ragu m l kaga suka pake baju lihat lekuk badan mending ambil l mes,Positif
keren outer siist assseli,Positif
bahanya enak kak dingin panas jahit rapi poll model simple elegan kini hrga mantulll top markotop dah,Positif
tipis banget,Positif
bagus jahit rapih,Positif
bahan jahit size perfect sesuai style,Positif
lawas bonor,Positif
barang bagus beli kali produk,Positif
respon kirim cepat bahan lembut jahit rapi model cantik tks,Positif
proses luamaaa bahan resap keringat sesuai harga,Positif
barang lawas bonorrr batuha manunggu wkwk uyuh banar paket,Positif
bagus sesuai harga,Positif
bagus jahit rapi sesuai pesan terima kasih,Positif
baguusss bangetttt sukaaaaa bahan lembut jahit rapi,Positif
bagus liat mewah guys,Positif
sebenernya beli ukur m mikir lagi up sizenya l liat oversize tb bb kg kainny enak a,Positif
bahan adem cocoke jalan outfitnya bagus org puas belanja rekomendasi kurir ramah,Positif
bagus suka banget sm baju,Positif
cardigan bagus jual gercep,Positif
rapi jahit bagus ko rekomended,Positif
outernya bagusss cari model simple padu padan baju lengan bb an pakai ukur s,Positif
respon kirim cepat barang sesuai nyaman pakai tks,Positif
produk sesuai deskripsi thx,Positif
top,Positif
bahan tipis nyerep kringet model simpel dar aksen tutup bahu okelaaah,Positif
barang oke badan,Positif
produk sesuai deskripsi thanks,Positif
produk sesuai deskripsi terima kasih,Positif
tipis kain,Positif
packing rapih banget respon kirim cepat,Positif
kasih catat warna hitam chat jual warna hitam kirim warna maroom parah engga harga beli,Negatif
warna cantik jahit rapi,Positif
cek out jual ber ulang ulang x confirm barang nya ready stok iya payment besok info barang ready,Negatif
bahan tipis sesuai model sederhana kualitas harga sesuai rekomendasi jual rekomendasi product,Positif
,Positif
ud cari simple gin nice bahan lembut jahit rapi tebal warna cantik bahan adem,Positif
pesan warna navy white uk xl kasih warna maroon uk s pakai,Negatif
beli ulas tyt tipis ya bhnnya rada kasar jg lumayan sesuai harga,Positif
bahan tipis adeam,Positif
sesuai ekspektasi harga tawar sizenya badan ku,Positif
cardigannys bagus bahan sifon ukur ngak nyesel mo cari warna ah,Positif
bahan adem,Positif
baguus tb bb gede dikit kalodipake kaya outer dimodif pake nya tinggal diiket banget,Positif
looks bagus on me,Positif
bagus sesuai gambar,Positif
harga murah barang bagus,Positif
bagus outernyaa,Positif
nyesel beli doang wkwkw,Positif
bagus bahan jg enak,Positif
salah pencet udah rubah sip sesuai pesan oke baju,Positif
barang bagus sesuai pesan jahit rapi kirim cepat,Positif
sesuai deskripsi mohon proses cepat,Positif
bahan nya oke nerawang ukur l oke suka,Positif
maaf lambat ulas bagus terima kasih,Positif
suka banget sm cardigan nya bagus,Positif
bagus banget bahah nya jga enak pokok keren terimakasih,Positif
bagus,Positif
bagus banget sumpah bahan adem nyaman bilin gatel pokoke nye enak fi pake,Positif
bagus koke jahit,Positif
bagus banget harga murce elegan kereeen unt aq bb tb ukur s pass banget longgar nyaman moga produk pilih bagus pu,Positif
bagus banget nyesel,Positif
bahan bagus model keren,Positif
barang sampe selamat kirim sesuai estimasi packaging rapi wrn size sesuai request terima kasih ya jual,Positif
mayan,Positif
bahan adem enak pakai,Positif
halooo kak barang udah sampe cepat sesuai maaf sempet video lagis cuci pakai cardigan nya thank you,Positif
bb hamil ukur xxl nyaman banget,Positif
kenapa cuttingnya aneh celana nyaman pakai bahan oke cocoke celana tidur,Positif
karet gampang banget melar,Positif
bahan bagus rapih jahit,Positif
jahit rapi layan toko,Positif
gede banget,Negatif
bahan sesuai deskripsi cutting nya perhati ya bagus,Positif
warna bagus pesan lancar sesuai terima kasih seller,Positif
biar bintang bicara,Positif
barang bagus bahan halus sesuai foto terima kasih,Positif
ukur sesuai deskripsi jahit bagus bahan nyaman jual ramah kirim cepat mantap,Positif
c,Positif
baguss,Positif
lucu,Positif
cocoke celana santai rumah type bahan tipis ringan,Positif
p mbelian bahan adem jahit lumayan rapi ukur l nyaman pinggang cengkraman karet nyaman beli beli ukur xl besar nam,Positif
nyaman material cantik,Positif
pastiin sesuai ukurang pinggang,Positif
bahan adem banget bagus bb tb ngetat gitu enak nyaman dipakenya warna bagus soft gt norak next beli kayaknyaa hehe,Positif
aduh celana nyaman banget enteng longgar adem asa pake celana udah beli next time suka banget,Positif
bahan adem halus,Positif
oke,Positif
bagus banget bahan model makasih,Positif
bagus bahan cuttingnya jg rapi blm coba ngga bad terima kasih min,Positif
barang bagus warna cakep tipis,Positif
bagus banget sesuai deskripsi foto bb gede rekomen deh poko,Positif
repurchase kali nungguin restock warna item,Positif
barang packaging rapi aman jual cepat respond kualitas barang lumayan jahit lumayan rapi kolor imbang an,Positif
besar sih musti pilih nomor oke celana harga segitu rapih jahit,Positif
bahan adem barang bagus layan kirim tingkat,Positif
celana syakepp banget,Positif
bahan enak pake,Positif
udah beli x bagus warna nya bagus,Positif
beli,Positif
bb pakai l,Positif
nyaman pakai jahit rapi,Positif
kualitas bahan bagus nyaman pakai model celana cantik warna cantik ukur sesuai,Positif
ukur sesuai jahit rapi nyaman pakai terawang model celana cantik,Positif
celana bagus salah pilih size ngk dipake gede,Positif
nyaman pakai jahit rapi bahan adem terawang,Positif
kualitas bahan bagus jahit rapi nyaman pakai bahan serap keringat,Positif
kualitas bahan bagus ukur sesuai warna cantik model celana cantik nyaman pakai jahit rapi bahan adem terawang bahan lembut,Positif
kualitas bahan bagus nyaman pakai bahan adem,Positif
sayang bahan melar pilih ukur sesuai biar nyaman over all mantap,Positif
ukur sesuai model celana cantik nyaman pakai,Positif
kualitas bahan bagus cantik adem nyaman pakai jual kooperatif banget bantu warna ungu available ganti pink cantik koke rekomendasi,Positif
nyaman dipake bahan lembut istri,Positif
kualitas bahan bagus nyaman pakai warna cantik model celana cantik,Positif
jahit rapi besar order size l gpp msh bs pakai tidur,Positif
ukur sesuai kualitas bahan bagus jahit rapi nyaman pakai bahan lembut,Positif
enak dipake rumah bahan adem ina kasih,Positif
ukur sesuai model celana cantik nyaman pakai jahit rapi warna cantik bahan lembut bahan adem terawang,Positif
model celana cantik nyaman pakai,Positif
bahan bagus beli,Positif
nyaman pakai bahan adem kualitas bahan bagus,Positif
bagus banget bahan ukur nya jga banget nyaman banget pakai rumah,Positif
oke coba versi make karet make tali ya bahan enak nyaman,Positif
bahan adem ukur sesuai,Positif
warna cantik bahan lembut,Positif
barang jelek,Negatif
bagus kualitas sihh manteppp,Positif
real pict,Positif
muat saya berat kg bahan adem enak santai rumah,Positif
hamil mangkanya ambil size xxl gede banget gpp biar pake celana longgar biar si dedenya nyaman celana bagus or,Positif
bagus banget sumpahh sayang xl nya gede bagus banget kshsksjsjsknsndjdkksksks hsisndgysjsjsj,Positif
celana bahan nya bagus mantap,Positif
bahan adem nyaman,Positif
info bb disaranin banget beli xl yah sesuai pict gt neng makenya nyaman,Positif
nyaman order,Positif
kecil,Positif
okeeeeee siiiiipppppp gooooooodddd terima kasih,Positif
sukakk nyaman banget dpakenya,Positif
respon cepat barang ok,Positif
salah ukur sen l dateng s,Negatif
mungin lebihbesar longgar bagus ya beli celana size l bagus dia pakai bahan jg oke pinggan longgar sempit bawah pa,Positif
bahan licin hehehe oke kak bagus kq,Positif
barang bagus beli warna cocoke,Positif
bagus banget suka bahan model karet sakit enak pakai,Positif
sesuai pesan,Positif
best,Positif
l gede banget akuu m suka banget bahan baguss,Positif
barang keren bokin w suka rekomendasi deh,Positif
baguuss baguuss banget lebih ekspektasi sih harga murah bagus kualitas lagi udah licin bekas lipat cakeep mantap,Positif
,Positif
,Positif
bahan nyaman bagus pakai,Positif
kirim cepat respon jual jahit rapi warna sesuai harap ukur thks jual,Positif
beli sekian pokok bagus,Positif
bagus harga jangkau liat elegan,Positif
udah kali order jahitanya rapi bahan oke ngak malu in jadiin kado temen,Positif
dah beli yah lupa hehee poko mh suka terima kasih yah kakaa,Positif
bagus,Positif
ukur bad bahan enak adem sesuai gambar terima kasih,Positif
bagus dipaduin lingerie tanktop bahan enak,Positif
barang nya bagus jaitan rapi note toleransi ukur cm kali kalo beli ukur barang jual nya ramah koke ma,Positif
bagus sukaa jahit rapi warna bagus ukur badan model kereeen puas pokok,Positif
sdh kalosaya order warna cakep model rapih,Positif
baguss ukur jg sesuai bahan tipis,Positif
bagus harga murah totally worth to buy koleksi warna bb kg t cm pake size xl longgar bagi badan kalo angkat tangan lan,Positif
nyesal stlh beli ketemu toko stgh harga lebihmurah,Negatif
cocoke size warna spt aq terima kasih jual and toped,Positif
sesuai gambar baju bagus terima kasih,Positif
terima kasih outernya keren banget suka model bahan bagus,Positif
beli warna coral sblmnya item lutjuk outernya,Positif
baju cakeup dehh suka,Positif
cakep bad pikir merah terang maron jatohnya bagus jd gpp deh tetep puas,Positif
mantul sippp,Positif
outernya bagus banget bahan lembut,Positif
merah maroon butuh merah cabe btw tks,Positif
sesuai pesan uk cepat respon bagus layan rekomendasi,Positif
ukur l xl kecil sm next time beli suka ama bahan nya bagus,Positif
nyaman pakai mantap,Positif
cakepppp,Positif
bagus ukur jahit rapi,Positif
ukur sesuai pesan,Positif
bahan tebal mesti nerawang jahit rapih model bagus kini nyaman ukur kali beli kecewa,Positif
ukur bahanya bagus nyesel beli harga murah kualitas bagus layan bagus banget,Positif
barang sesuai deskripsi kirim cepat thx,Positif
ukur jahit rapih jatohnya badan pokok bagus,Positif
x beli baju ol cocoke kali beli baju ol puas tks,Positif
bahan jahit oke puas bagus deskripsi mmg banget,Positif
size m pnjg baju cm muat pakai berat badan kg cm msh sdikit longgar pnasaran jg ntah lebihcocoke size s packing trluar,Positif
nyaman oke,Positif
sesuai gambar bahan adem model sesuai nyaman jahit rapih kirim cepat top,Positif
suka banget belanja disni ukur nya udah ksekian beli dsni,Positif
ukur bahan bagus kain jatuh cocoke outter harga jangkau,Positif
beli barang dtg barang warna sesuai deskripsi kecewaaaaa,Negatif
produk sesuai deskripsi bahan tipis sesuai jahit rapi mantap packing kirim ok,Positif
bahan jahit baguus tq,Positif
sumpah nyangka harga murah murah barang bagus puas banget toko langgan nih terima kasih ya,Positif
kali beli puas cepet jg kirim enak pake nya terima kasih jual,Positif
bagus banget ambil ukur xl bb kg sengaja biar liat outer,Positif
nice packaging smoga dibeliin cocok,Positif
cantik jahit kain nya bagus warna cantik jahit rapi bahan adem tebal bahan lembut bahan serap keringat,Positif
warna merah cabe msh oke,Positif
warna cantik jahit rapi bahan adem,Positif
neng baju sesuai cepet sampe nya,Positif
warna cantik bahan adem tebal,Positif
bahan bagus tipis murah,Positif
bagus,Positif
baguss,Positif
ya,Positif
model nya baghs cuman cutting nya body gemuk tangan leluasa,Positif
kualitas sesuai harga kirim barang lebih estimasi pesan jakarta harap tingkat layan nya ya,Positif
beli varian beige tu bagus banget trus ken white kecewa proses warna kain leher badan beda aneh,Positif
baguss sukaaaaaaa bangetttt,Positif
bahan oke banget suka banget makasih kak,Positif
bagus keren,Positif
warna cantik bahan adem jahit rapi,Positif
i,Positif
hati hati belanja,Negatif
harga termasul murah sih kwalitas bagus,Positif
harga murah riah kualitas gin worth it banget,Positif
ukur xl produk sesuai gambar deskripsi,Positif
keren outernya bahan jatuh ukur anak masuk remaja,Positif
barang bagus banget salernya jg ramah banget,Positif
bahanya bagus,Positif
mantul,Positif
outer nya bagus thanks,Positif
bahan lembut warna cantik tebal bahan serap keringat jahit rapi bahan adem,Positif
warna cantik,Positif
jahit rapi,Positif
warna cantik bahan serap keringat jahit rapi tebal,Positif
outer ya lucu banget sesuai deskripsi kali shopping warna cantik jahit rapi,Positif
warna cantik bahan lembut jahit rapi product toko so far excellent,Positif
baguss bangetttt nerawang model batwing trs jahit jg rapi sayang bahan panas dipake okee koke,Positif
seller responsif proses kirim lumayan cepat bungkus robek isi ekspektasi bahan chiffon lembut realita chiffon kasar ya sesuai,Positif
barang bagus kirim cepat coba moga cocok,Positif
bagus muas jahit rapi foto,Positif
makasih jual bagus bangeutttss deh,Positif
barang sesuai deskripsi kirim cepat,Positif
rekomend jual barang bagus sesuai deskripsi jual komunikatif update info,Positif
bahan lembut,Positif
warna cantik bahan lembut bahan adem,Positif
oke bngt,Positif
produk bagus sesuai gambar kirim cepat tks,Positif
barang bagus harga sahabat layan ramah cepat,Positif
lumayan sesuai harga,Positif
tipis nerawang iya sesuai harga,Positif
proses cepat kualitas ok,Positif
barang bagus layan aga nyebelin batalin pesan ganti ukur s m toko untung barang lumayan melar,Positif
terbaikkk,Positif
wajib naikin size normal y sesuaiiii,Positif
terimakasih produk sesuai deskripsi,Positif
bagus bangett bahan adem enakk kaya brand mahal size nya rancu ukur sesuai deskripsi size xl xxl beli l mas,Positif
ukur bahan adem kirim cepat terimakasih,Positif
harga oke sih jahit kuat aja bahan oke beli xxxl gede banget panjang ukur beneran sesuai size chart sih,Positif
paass,Positif
jahit lurus,Negatif
tq,Positif
barang halus nyaman pakai thx jual pelayananya cepat,Positif
wkwkwk banget ukur bahan tipis yahhh harga gin komplen mayan,Positif
barang sesuai pesan kirim cepat packing aman bahan gambar jahit rapi ukur xxxl longgar bb cm nyaman,Positif
bener kain selap jahit rapi dalem harga segitu oke,Positif
ukur sesuai warna abu cream cerah,Positif
barang sampe banget bad suka kemben nya terima kasih kak,Positif
paket blm tes nya,Positif
udah beli sekian kali saking nyaman dipake bahan adem bahan kaos,Positif
puas ukur bahan harga mas jangkau kondisi kain luntur barang bagus,Positif
bagus muat bb alhamdulillah,Positif
barang oke kirim cepat mantap deh,Positif
size xxl lebar baju dada cm pnjg baju cm besar longgar berat badan kg cm packing trluar plastik kiri,Positif
lumayan flash sale bagus,Positif
bagus terima kasih,Positif
kwalitas barang bagus sesuai ukur bahan adem nyaman pakai kirim,Positif
recommended jual,Positif
barang sesuai pesan kirim bagus bahan nyaman,Positif
barang sesuai pesan kirim oke bahan bagus halus tebel nyaman dipake,Positif
barang sesuai deskripsi,Positif
atas lekuk sentuh pinggang longgar karet aja aq bb,Positif
bahan nyaman pakai,Positif
mantaaaaaap thankyou verymuch sesuai pesan packing aman sukses jual,Positif
sip sesuai pesan mantaab,Positif
bahan alus tebal kain nerawang ketebelan pokok oke,Positif
model bagus bahan nyaman,Positif
bahan stretch oke harga gin,Positif
model bagus,Positif
mantab cepat responn okeee,Positif
bahan bagus jahit rapi kembennya rapet mudah lorot cup branya nerawang dipake bagus,Positif
oke harga sgini cakep,Positif
bagus rekomended terima kasih tokopedia and jual moga depan bnyak promo kwalitas product layan,Positif
bahan bagus nyaman pake maaf foto bkn asli langsung cuci,Positif
bahan tipis worth it harga segitu cocoke dalem baju nerawang,Positif
besar hehehe bahan oke,Positif
banget,Negatif
kali order suka bangett bahan adem nyaman pakai langgan hehe thx,Positif
bahan tipis lembut adem worth it harga segituu,Positif
kemben pendek warna ungu kirim bagus jg warna soft kembennya kenceng ya atas lorot mesti tali ut kait ut tank top jg,Positif
xl nya bahan,Negatif
terima dlm kondisi tengkyuu jual and tokped promonya,Positif
nyaman dipake simpel suka trima kasih toped,Positif
bahan adem bangeett model fit badan kirim cepat terima kasih jual,Positif
bahan bagus label dalam terima kasih,Positif
kemben bahan bagus banget lembut adem enak pakai,Positif
kirain melar,Positif
kali beli toko barang kirim lengkap sesuai pesan bahan bagus terawang serap keringat harga jangkau,Positif
kain halus lentur nyaman pakai,Positif
bagus banget sumpah kirim cepat sameday,Positif
sesuai pesan,Positif
longgar kg better ambil size m ato s,Positif
warna sesuai pesan,Negatif
ukur,Positif
cepet banget pengirimannyaaa sukak bangettt sorry foto gajelas lagisg cuci,Positif
bagus emas aja bagus banget koke sukakkk,Positif
foto jual ramah cmn kirim other than that love,Positif
nyampe sesuai mesan ukur nyah,Negatif
lumayan dalem oke makasih a ya,Positif
very nice,Positif
barang lengkap proses kembali dana lambat respon,Negatif
baju kaya anak ukur m bener aja,Negatif
lumayan order size m size xs,Negatif
yg dtg ujurannya lebihkecil tulis,Negatif
proses pesan nya ya order tanggal januari proses kirim tanggal januari sampe tanggal,Negatif
,Negatif
pesan xxl kirim xl,Negatif
toko culun,Negatif
banget astaga kaya ukur anak bocah,Negatif
ttyt,Negatif
barang tipis kirim banget kemas aja kirim sumatera untk harga ribu kain tipis mahal,Negatif
stock kosong info akhr nya refund proses packing super duper,Negatif
beda cover beda isi,Negatif
deskripsi size s ld ld lb ld barang pakai kain super tipis beli warna putih anda muat pakai,Negatif
warna mintak random warna kirim baju jga trlalu org dewasa,Negatif
respon kirim cepat kwalitas barang bagus koke sengaja pesan size s m tau size kirim size,Negatif
product nya oke kirim nya super lamaaaaa,Negatif
bahan kaos oke salah ukur huhu malas nuker pergi j t kali lebihteliti ya,Negatif
barang konfirmasi kirim slow respon refund,Negatif
respon lambat kirim ukur xxl bangeut,Negatif
udah nunggu kirim sampe kecil bb tb ngepress banget pdhl baju bagus,Negatif
beda label beda isi,Negatif
barang bagus kirim buwanget ter cancel proses order ulang deh tolong tingkat kualitas kirim nya kak,Negatif
barang ya sudahlahhh,Negatif
udah langgan sayang kali order kirim nya sampe kirim sedih,Negatif
barang sesuai gambar,Negatif
pesan putih light gray knp nya light grey,Negatif
tipis banget jahit kasar ya sesuai harga enak dipake tidur olahraga tipis pakai deh,Negatif
bahanny kasar crop,Negatif
sen kirim kirim harga lebihmurah kirim lamaa banget complain diselesaiin suruh tunggu ya udah rate jelek aja udah warning jg,Negatif
terima kasih masuk jual kendala beli shg beli jg tau tunggu pasti,Negatif
kirim slow response,Negatif
kalo barang lumayan bagus walopun ambil xxl rada besar ditelp sm kurir nya paket terima dlm kondisi beranrakan spt foto untung cecer hi,Negatif
respon barang kemarin,Negatif
kirim banget c ncel acc pdhl gosend maaf banget kasih bintang spya owner liat baik sistem,Negatif
kirim,Negatif
gatau punya aja emg jahit leher dalem tuh suka kek ngiwir gitu ganggu banget sumpah tdi ended up potong dalem leher,Negatif
kirim h pke gosend pdhl kerja,Negatif
barang asli gambar nya,Negatif
tipis banget size l nya sesuai chart deskripsi l size s,Negatif
keciiill banget woi jual jujur lu,Negatif
beda kaya fotoo asli crop banget,Negatif
bahan tipis banget,Negatif
nyaman,Negatif
kain senerawang,Negatif
yg kirim miniset tanktop kecewa,Negatif
kwkwkwkw ssuai ama foto,Negatif
bahan spandex gerah banget,Negatif
sen tanktop baju sesuai sesuai konfirmasi jual pakek uang s,Negatif
senam barang oke miniset ngak sesuai gambar pakai,Negatif
elek kasar jahit bahan ok,Negatif
bahanya ppanas kasar,Negatif
kwalitas harga segitu oke tipis transparan untung beli warna item jahit rapi,Negatif
jaitan rapih,Negatif
cocok,Negatif
barang selamat terima kasih bahan celana nya sesuai ekspektasi pikir bahan bahan katun lembut da,Negatif
kecil,Negatif
pesan cuna barang rusak coba konfirmasi tanggap,Negatif
karet pinggang nya kencang,Negatif
aja mahal sih hrg segitu,Negatif
